Rank,Name,Description,Ideal Gender,Name Category
1,Luna,"Earthy and calm, Luna fits dogs who love fresh air, forest paths, and lakeside strolls.",Female,Nature-Inspired Names
2,Bella,"Bella has a friendly, upbeat sound that’s great for affectionate female pups.",Female,Female Names
3,Charlie,"Short and strong, Charlie carries well at the park and fits playful, people-loving males.",Male,Male Names
4,Max,"Max is a classic, easy-to-call choice that pops on recall and suits confident boy dogs.",Male,Male Names
5,Daisy,Daisy nods to the outdoors—perfect for trail-loving pups and weekend campers.,Female,Nature-Inspired Names
6,Lucy,"Lucy has a friendly, upbeat sound that’s great for affectionate female pups.",Female,Female Names
7,Cooper,"Short and strong, Cooper carries well at the park and fits playful, people-loving males.",Male,Male Names
8,Milo,"Milo is a classic, easy-to-call choice that pops on recall and suits confident boy dogs.",Male,Male Names
9,Bailey,"Bailey has a friendly, upbeat sound that’s great for affectionate female pups.",Female,Female Names
10,Buddy,Buddy is sweet and a little silly—ideal for cuddle bugs and goofballs.,Male,Cute Names
11,Sadie,"Sadie has a friendly, upbeat sound that’s great for affectionate female pups.",Female,Female Names
12,Stella,"Elegant yet simple, Stella is easy for kids to say and perfect for gentle girl dogs.",Female,Female Names
13,Lola,"Elegant yet simple, Lola is easy for kids to say and perfect for gentle girl dogs.",Female,Female Names
14,Lily,"Lily has a friendly, upbeat sound that’s great for affectionate female pups.",Female,Female Names
15,Zoe,"Zoe has a friendly, upbeat sound that’s great for affectionate female pups.",Female,Female Names
16,Teddy,Teddy is sweet and a little silly—ideal for cuddle bugs and goofballs.,Male,Cute Names
17,Rocky,"With a Great White North flair, Rocky is a fun pick for outdoorsy families.",Male,Canadian-Inspired Names
18,Bear,Bear nods to the outdoors—perfect for trail-loving pups and weekend campers.,Male,Nature-Inspired Names
19,Rosie,Rosie nods to the outdoors—perfect for trail-loving pups and weekend campers.,Female,Nature-Inspired Names
20,Willow,Willow nods to the outdoors—perfect for trail-loving pups and weekend campers.,Female,Nature-Inspired Names
21,Finn,"Finn is a classic, easy-to-call choice that pops on recall and suits confident boy dogs.",Male,Male Names
22,Tucker,"Short and strong, Tucker carries well at the park and fits playful, people-loving males.",Male,Male Names
23,Ollie,"Ollie is a classic, easy-to-call choice that pops on recall and suits confident boy dogs.",Male,Male Names
24,Winston,"Winston is a classic, easy-to-call choice that pops on recall and suits confident boy dogs.",Male,Male Names
25,Jack,"Jack is a classic, easy-to-call choice that pops on recall and suits confident boy dogs.",Male,Male Names
26,Leo,"Leo is a classic, easy-to-call choice that pops on recall and suits confident boy dogs.",Male,Male Names
27,Duke,"Solid and confident, Duke suits athletic dogs that love adventures and big hikes.",Male,Strong Names
28,Maggie,"Elegant yet simple, Maggie is easy for kids to say and perfect for gentle girl dogs.",Female,Female Names
29,Murphy,"Murphy is a classic, easy-to-call choice that pops on recall and suits confident boy dogs.",Male,Male Names
30,Penny,"Penny has a friendly, upbeat sound that’s great for affectionate female pups.",Female,Female Names
31,Nala,"Elegant yet simple, Nala is easy for kids to say and perfect for gentle girl dogs.",Female,Female Names
32,Chloe,"Chloe has a friendly, upbeat sound that’s great for affectionate female pups.",Female,Female Names
33,Sophie,"Sophie has a friendly, upbeat sound that’s great for affectionate female pups.",Female,Female Names
34,Hazel,"Hazel highlights your dog’s coat and personality in one clever, color-forward pick.",Female,Color-Inspired Names
35,Ruby,"Simple and striking, Ruby matches vivid markings and photogenic pups.",Female,Color-Inspired Names
36,Ellie,"Ellie has a friendly, upbeat sound that’s great for affectionate female pups.",Female,Female Names
37,Henry,"Henry is a classic, easy-to-call choice that pops on recall and suits confident boy dogs.",Male,Male Names
38,Gus,"Gus is a classic, easy-to-call choice that pops on recall and suits confident boy dogs.",Male,Male Names
39,Jax,"Jax is a classic, easy-to-call choice that pops on recall and suits confident boy dogs.",Male,Male Names
40,Bentley,"Short and strong, Bentley carries well at the park and fits playful, people-loving males.",Male,Male Names
41,Beau,"Short and strong, Beau carries well at the park and fits playful, people-loving males.",Male,Male Names
42,Toby,Looking for something fresh? Toby is distinctive but still easy for training cues.,Unisex,Unique Names
43,Remi,"Short and strong, Remi carries well at the park and fits playful, people-loving males.",Male,Male Names
44,Coco,"Elegant yet simple, Coco is easy for kids to say and perfect for gentle girl dogs.",Female,Female Names
45,Riley,"Short and strong, Riley carries well at the park and fits playful, people-loving males.",Male,Male Names
46,Zoey,"Elegant yet simple, Zoey is easy for kids to say and perfect for gentle girl dogs.",Female,Female Names
47,Louie,"Louie is a classic, easy-to-call choice that pops on recall and suits confident boy dogs.",Male,Male Names
48,Arlo,"Arlo is a classic, easy-to-call choice that pops on recall and suits confident boy dogs.",Male,Male Names
49,Kona,Kona nods to the outdoors—perfect for trail-loving pups and weekend campers.,Male,Nature-Inspired Names
50,Koda,Koda nods to the outdoors—perfect for trail-loving pups and weekend campers.,Male,Nature-Inspired Names
51,Harley,"Short and strong, Harley carries well at the park and fits playful, people-loving males.",Male,Male Names
52,Moose,"With a Great White North flair, Moose is a fun pick for outdoorsy families.",Male,Canadian-Inspired Names
53,Archie,"Short and strong, Archie carries well at the park and fits playful, people-loving males.",Male,Male Names
54,Oscar,"Short and strong, Oscar carries well at the park and fits playful, people-loving males.",Male,Male Names
55,Theo,"Short and strong, Theo carries well at the park and fits playful, people-loving males.",Male,Male Names
56,Maverick,"Maverick has a bold, powerful vibe—great for guardians with steady, loyal temperaments.",Male,Strong Names
57,Rex,"Rex has a bold, powerful vibe—great for guardians with steady, loyal temperaments.",Male,Strong Names
58,Apollo,"Solid and confident, Apollo suits athletic dogs that love adventures and big hikes.",Male,Strong Names
59,Bruno,"Bruno has a bold, powerful vibe—great for guardians with steady, loyal temperaments.",Male,Strong Names
60,Zeus,"Solid and confident, Zeus suits athletic dogs that love adventures and big hikes.",Male,Strong Names
61,Hudson,Hudson tips its toque to Canada—great for cold‑weather romps and cottage‑country dogs.,Male,Canadian-Inspired Names
62,Jasper,"With a Great White North flair, Jasper is a fun pick for outdoorsy families.",Male,Canadian-Inspired Names
63,Oakley,"Short and strong, Oakley carries well at the park and fits playful, people-loving males.",Male,Male Names
64,Diesel,"Diesel has a bold, powerful vibe—great for guardians with steady, loyal temperaments.",Male,Strong Names
65,Gunner,"Gunner has a bold, powerful vibe—great for guardians with steady, loyal temperaments.",Male,Strong Names
66,Ranger,"Solid and confident, Ranger suits athletic dogs that love adventures and big hikes.",Male,Strong Names
67,Atlas,"Earthy and calm, Atlas fits dogs who love fresh air, forest paths, and lakeside strolls.",Male,Nature-Inspired Names
68,Ziggy,"Light and bubbly, Ziggy fits tiny tails and big personalities alike.",Male,Cute Names
69,Pepper,"Simple and striking, Pepper matches vivid markings and photogenic pups.",Female,Color-Inspired Names
70,Winnie,"Light and bubbly, Winnie fits tiny tails and big personalities alike.",Female,Cute Names
71,Ivy,Ivy nods to the outdoors—perfect for trail-loving pups and weekend campers.,Female,Nature-Inspired Names
72,Piper,"Piper has a friendly, upbeat sound that’s great for affectionate female pups.",Female,Female Names
73,Mia,"Elegant yet simple, Mia is easy for kids to say and perfect for gentle girl dogs.",Female,Female Names
74,Millie,"Elegant yet simple, Millie is easy for kids to say and perfect for gentle girl dogs.",Female,Female Names
75,Olive,"Olive highlights your dog’s coat and personality in one clever, color-forward pick.",Female,Color-Inspired Names
76,Hunter,"Hunter has a bold, powerful vibe—great for guardians with steady, loyal temperaments.",Male,Strong Names
77,Jake,"Short and strong, Jake carries well at the park and fits playful, people-loving males.",Male,Male Names
78,Cash,"Short and strong, Cash carries well at the park and fits playful, people-loving males.",Male,Male Names
79,Chance,"Short and strong, Chance carries well at the park and fits playful, people-loving males.",Male,Male Names
80,Dexter,"Short and strong, Dexter carries well at the park and fits playful, people-loving males.",Male,Male Names
81,Cody,"Short and strong, Cody carries well at the park and fits playful, people-loving males.",Male,Male Names
82,Baxter,"Baxter is a classic, easy-to-call choice that pops on recall and suits confident boy dogs.",Male,Male Names
83,Samson,"Solid and confident, Samson suits athletic dogs that love adventures and big hikes.",Male,Strong Names
84,Brody,Looking for something fresh? Brody is distinctive but still easy for training cues.,Unisex,Unique Names
85,Gizmo,Gizmo is sweet and a little silly—ideal for cuddle bugs and goofballs.,Male,Cute Names
86,Wally,"Wally is a classic, easy-to-call choice that pops on recall and suits confident boy dogs.",Male,Male Names
87,Walter,"Short and strong, Walter carries well at the park and fits playful, people-loving males.",Male,Male Names
88,Sunny,"Sunny highlights your dog’s coat and personality in one clever, color-forward pick.",Unisex,Color-Inspired Names
89,Shadow,"Shadow highlights your dog’s coat and personality in one clever, color-forward pick.",Male,Color-Inspired Names
90,Blue,"Simple and striking, Blue matches vivid markings and photogenic pups.",Male,Color-Inspired Names
91,Scout,Scout stands out at the dog park without being hard to pronounce—memorable and fun.,Unisex,Unique Names
92,Rocco,"Rocco is a classic, easy-to-call choice that pops on recall and suits confident boy dogs.",Male,Male Names
93,Brady,Looking for something fresh? Brady is distinctive but still easy for training cues.,Unisex,Unique Names
94,Oreo,"Short and strong, Oreo carries well at the park and fits playful, people-loving males.",Male,Male Names
95,Zeke,"Short and strong, Zeke carries well at the park and fits playful, people-loving males.",Male,Male Names
96,Odin,Odin stands out at the dog park without being hard to pronounce—memorable and fun.,Unisex,Unique Names
97,Loki,"Loki has a bold, powerful vibe—great for guardians with steady, loyal temperaments.",Male,Strong Names
98,Gigi,Looking for something fresh? Gigi is distinctive but still easy for training cues.,Unisex,Unique Names
99,Mabel,"Elegant yet simple, Mabel is easy for kids to say and perfect for gentle girl dogs.",Female,Female Names
100,Bonnie,"Elegant yet simple, Bonnie is easy for kids to say and perfect for gentle girl dogs.",Female,Female Names
101,Harper,"Harper has a friendly, upbeat sound that’s great for affectionate female pups.",Female,Female Names
102,Nova,"Earthy and calm, Nova fits dogs who love fresh air, forest paths, and lakeside strolls.",Female,Nature-Inspired Names
103,Freya,"Elegant yet simple, Freya is easy for kids to say and perfect for gentle girl dogs.",Female,Female Names
104,Phoebe,Looking for something fresh? Phoebe is distinctive but still easy for training cues.,Unisex,Unique Names
105,Layla,"Elegant yet simple, Layla is easy for kids to say and perfect for gentle girl dogs.",Female,Female Names
106,Poppy,"Earthy and calm, Poppy fits dogs who love fresh air, forest paths, and lakeside strolls.",Unisex,Nature-Inspired Names
107,Roxy,"Roxy has a friendly, upbeat sound that’s great for affectionate female pups.",Female,Female Names
108,Molly,"Molly has a friendly, upbeat sound that’s great for affectionate female pups.",Female,Female Names
109,Gracie,"Gracie has a friendly, upbeat sound that’s great for affectionate female pups.",Female,Female Names
110,Annie,"Annie has a friendly, upbeat sound that’s great for affectionate female pups.",Female,Female Names
111,Chester,"Chester is a classic, easy-to-call choice that pops on recall and suits confident boy dogs.",Male,Male Names
112,Frank,"Frank is a classic, easy-to-call choice that pops on recall and suits confident boy dogs.",Male,Male Names
113,Hugo,"Hugo is a classic, easy-to-call choice that pops on recall and suits confident boy dogs.",Male,Male Names
114,Otis,"Otis is a classic, easy-to-call choice that pops on recall and suits confident boy dogs.",Male,Male Names
115,Felix,"Short and strong, Felix carries well at the park and fits playful, people-loving males.",Male,Male Names
116,Ripley,Ripley stands out at the dog park without being hard to pronounce—memorable and fun.,Unisex,Unique Names
117,Luca,"Elegant yet simple, Luca is easy for kids to say and perfect for gentle girl dogs.",Female,Female Names
118,Logan,Looking for something fresh? Logan is distinctive but still easy for training cues.,Unisex,Unique Names
119,Jackson,"Jackson is a classic, easy-to-call choice that pops on recall and suits confident boy dogs.",Male,Male Names
120,Owen,"Owen is a classic, easy-to-call choice that pops on recall and suits confident boy dogs.",Male,Male Names
121,Eli,Looking for something fresh? Eli is distinctive but still easy for training cues.,Unisex,Unique Names
122,Miles,"Short and strong, Miles carries well at the park and fits playful, people-loving males.",Male,Male Names
123,Noah,Looking for something fresh? Noah is distinctive but still easy for training cues.,Unisex,Unique Names
124,Liam,Liam stands out at the dog park without being hard to pronounce—memorable and fun.,Unisex,Unique Names
125,Aiden,Aiden stands out at the dog park without being hard to pronounce—memorable and fun.,Unisex,Unique Names
126,Caleb,Looking for something fresh? Caleb is distinctive but still easy for training cues.,Unisex,Unique Names
127,Wyatt,"Short and strong, Wyatt carries well at the park and fits playful, people-loving males.",Male,Male Names
128,Ezra,"Elegant yet simple, Ezra is easy for kids to say and perfect for gentle girl dogs.",Female,Female Names
129,Mason,"Short and strong, Mason carries well at the park and fits playful, people-loving males.",Male,Male Names
130,Carter,"Short and strong, Carter carries well at the park and fits playful, people-loving males.",Male,Male Names
131,Julian,Julian stands out at the dog park without being hard to pronounce—memorable and fun.,Unisex,Unique Names
132,Grayson,"Short and strong, Grayson carries well at the park and fits playful, people-loving males.",Male,Male Names
133,Asher,"Short and strong, Asher carries well at the park and fits playful, people-loving males.",Male,Male Names
134,Nolan,Nolan stands out at the dog park without being hard to pronounce—memorable and fun.,Unisex,Unique Names
135,Easton,Easton stands out at the dog park without being hard to pronounce—memorable and fun.,Unisex,Unique Names
136,Beckett,Beckett stands out at the dog park without being hard to pronounce—memorable and fun.,Unisex,Unique Names
137,Rhett,Rhett stands out at the dog park without being hard to pronounce—memorable and fun.,Unisex,Unique Names
138,Reed,Looking for something fresh? Reed is distinctive but still easy for training cues.,Unisex,Unique Names
139,Reid,Reid stands out at the dog park without being hard to pronounce—memorable and fun.,Unisex,Unique Names
140,Wesley,Wesley stands out at the dog park without being hard to pronounce—memorable and fun.,Unisex,Unique Names
141,Emmett,Looking for something fresh? Emmett is distinctive but still easy for training cues.,Unisex,Unique Names
142,Holden,Holden stands out at the dog park without being hard to pronounce—memorable and fun.,Unisex,Unique Names
143,Porter,"Porter is a classic, easy-to-call choice that pops on recall and suits confident boy dogs.",Male,Male Names
144,Chandler,"Chandler is a classic, easy-to-call choice that pops on recall and suits confident boy dogs.",Male,Male Names
145,Tate,Tate stands out at the dog park without being hard to pronounce—memorable and fun.,Unisex,Unique Names
146,Levi,Levi stands out at the dog park without being hard to pronounce—memorable and fun.,Unisex,Unique Names
147,Jude,Looking for something fresh? Jude is distinctive but still easy for training cues.,Unisex,Unique Names
148,Zane,Zane stands out at the dog park without being hard to pronounce—memorable and fun.,Unisex,Unique Names
149,Kai,Kai stands out at the dog park without being hard to pronounce—memorable and fun.,Unisex,Unique Names
150,Kane,Kane stands out at the dog park without being hard to pronounce—memorable and fun.,Unisex,Unique Names
151,Kade,Looking for something fresh? Kade is distinctive but still easy for training cues.,Unisex,Unique Names
152,Axel,Axel stands out at the dog park without being hard to pronounce—memorable and fun.,Unisex,Unique Names
153,Bo,"Short and strong, Bo carries well at the park and fits playful, people-loving males.",Male,Male Names
154,Bowie,"Elegant yet simple, Bowie is easy for kids to say and perfect for gentle girl dogs.",Female,Female Names
155,Bruce,Looking for something fresh? Bruce is distinctive but still easy for training cues.,Unisex,Unique Names
156,Colby,Looking for something fresh? Colby is distinctive but still easy for training cues.,Unisex,Unique Names
157,Dante,Dante stands out at the dog park without being hard to pronounce—memorable and fun.,Unisex,Unique Names
158,Dylan,Dylan stands out at the dog park without being hard to pronounce—memorable and fun.,Unisex,Unique Names
159,Enzo,"Short and strong, Enzo carries well at the park and fits playful, people-loving males.",Male,Male Names
160,Evan,Looking for something fresh? Evan is distinctive but still easy for training cues.,Unisex,Unique Names
161,Gage,Looking for something fresh? Gage is distinctive but still easy for training cues.,Unisex,Unique Names
162,Gio,"Short and strong, Gio carries well at the park and fits playful, people-loving males.",Male,Male Names
163,Graham,Looking for something fresh? Graham is distinctive but still easy for training cues.,Unisex,Unique Names
164,Grant,Grant stands out at the dog park without being hard to pronounce—memorable and fun.,Unisex,Unique Names
165,Hendrix,Hendrix stands out at the dog park without being hard to pronounce—memorable and fun.,Unisex,Unique Names
166,Huxley,Huxley stands out at the dog park without being hard to pronounce—memorable and fun.,Unisex,Unique Names
167,Jett,Looking for something fresh? Jett is distinctive but still easy for training cues.,Unisex,Unique Names
168,King,Looking for something fresh? King is distinctive but still easy for training cues.,Unisex,Unique Names
169,Kingston,Looking for something fresh? Kingston is distinctive but still easy for training cues.,Unisex,Unique Names
170,Kobe,Kobe stands out at the dog park without being hard to pronounce—memorable and fun.,Unisex,Unique Names
171,Koa,"Koa has a friendly, upbeat sound that’s great for affectionate female pups.",Female,Female Names
172,Landon,Landon stands out at the dog park without being hard to pronounce—memorable and fun.,Unisex,Unique Names
173,Legend,Looking for something fresh? Legend is distinctive but still easy for training cues.,Unisex,Unique Names
174,Lennon,Lennon stands out at the dog park without being hard to pronounce—memorable and fun.,Unisex,Unique Names
175,Lennox,Lennox stands out at the dog park without being hard to pronounce—memorable and fun.,Unisex,Unique Names
176,Lewis,Looking for something fresh? Lewis is distinctive but still easy for training cues.,Unisex,Unique Names
177,London,London stands out at the dog park without being hard to pronounce—memorable and fun.,Unisex,Unique Names
178,Louis,Looking for something fresh? Louis is distinctive but still easy for training cues.,Unisex,Unique Names
179,Mack,Looking for something fresh? Mack is distinctive but still easy for training cues.,Unisex,Unique Names
180,Maddox,Maddox stands out at the dog park without being hard to pronounce—memorable and fun.,Unisex,Unique Names
181,Marco,"Short and strong, Marco carries well at the park and fits playful, people-loving males.",Male,Male Names
182,Mario,"Mario is a classic, easy-to-call choice that pops on recall and suits confident boy dogs.",Male,Male Names
183,Nico,"Short and strong, Nico carries well at the park and fits playful, people-loving males.",Male,Male Names
184,Otto,"Otto is a classic, easy-to-call choice that pops on recall and suits confident boy dogs.",Male,Male Names
185,Phoenix,Phoenix stands out at the dog park without being hard to pronounce—memorable and fun.,Unisex,Unique Names
186,Prince,Prince stands out at the dog park without being hard to pronounce—memorable and fun.,Unisex,Unique Names
187,Remington,Looking for something fresh? Remington is distinctive but still easy for training cues.,Unisex,Unique Names
188,Roman,Roman stands out at the dog park without being hard to pronounce—memorable and fun.,Unisex,Unique Names
189,Ronan,Ronan stands out at the dog park without being hard to pronounce—memorable and fun.,Unisex,Unique Names
190,Ryder,"Short and strong, Ryder carries well at the park and fits playful, people-loving males.",Male,Male Names
191,Santino,"Short and strong, Santino carries well at the park and fits playful, people-loving males.",Male,Male Names
192,Shep,Shep stands out at the dog park without being hard to pronounce—memorable and fun.,Unisex,Unique Names
193,Shepherd,Shepherd stands out at the dog park without being hard to pronounce—memorable and fun.,Unisex,Unique Names
194,Sterling,"Simple and striking, Sterling matches vivid markings and photogenic pups.",Unisex,Color-Inspired Names
195,Tango,"Short and strong, Tango carries well at the park and fits playful, people-loving males.",Male,Male Names
196,Titus,"Short and strong, Titus carries well at the park and fits playful, people-loving males.",Male,Male Names
197,Tripp,Tripp stands out at the dog park without being hard to pronounce—memorable and fun.,Unisex,Unique Names
198,Troy,Looking for something fresh? Troy is distinctive but still easy for training cues.,Unisex,Unique Names
199,Tyson,"Short and strong, Tyson carries well at the park and fits playful, people-loving males.",Male,Male Names
200,Vince,Looking for something fresh? Vince is distinctive but still easy for training cues.,Unisex,Unique Names
201,Wade,Looking for something fresh? Wade is distinctive but still easy for training cues.,Unisex,Unique Names
202,Walker,"Walker is a classic, easy-to-call choice that pops on recall and suits confident boy dogs.",Male,Male Names
203,Wallace,Wallace stands out at the dog park without being hard to pronounce—memorable and fun.,Unisex,Unique Names
204,Watson,"Watson is a classic, easy-to-call choice that pops on recall and suits confident boy dogs.",Male,Male Names
205,Waylon,Waylon stands out at the dog park without being hard to pronounce—memorable and fun.,Unisex,Unique Names
206,Wilder,"Short and strong, Wilder carries well at the park and fits playful, people-loving males.",Male,Male Names
207,Wilson,"Wilson is a classic, easy-to-call choice that pops on recall and suits confident boy dogs.",Male,Male Names
208,Ava,"Elegant yet simple, Ava is easy for kids to say and perfect for gentle girl dogs.",Female,Female Names
209,Emma,"Emma has a friendly, upbeat sound that’s great for affectionate female pups.",Female,Female Names
210,Charlotte,Looking for something fresh? Charlotte is distinctive but still easy for training cues.,Unisex,Unique Names
211,Amelia,"Amelia has a friendly, upbeat sound that’s great for affectionate female pups.",Female,Female Names
212,Olivia,"Elegant yet simple, Olivia is easy for kids to say and perfect for gentle girl dogs.",Female,Female Names
213,Sophia,"Elegant yet simple, Sophia is easy for kids to say and perfect for gentle girl dogs.",Female,Female Names
214,Isabella,"Isabella has a friendly, upbeat sound that’s great for affectionate female pups.",Female,Female Names
215,Evelyn,Evelyn stands out at the dog park without being hard to pronounce—memorable and fun.,Unisex,Unique Names
216,Camila,"Elegant yet simple, Camila is easy for kids to say and perfect for gentle girl dogs.",Female,Female Names
217,Gianna,"Gianna has a friendly, upbeat sound that’s great for affectionate female pups.",Female,Female Names
218,Eleanor,Looking for something fresh? Eleanor is distinctive but still easy for training cues.,Unisex,Unique Names
219,Ella,"Ella has a friendly, upbeat sound that’s great for affectionate female pups.",Female,Female Names
220,Abigail,Looking for something fresh? Abigail is distinctive but still easy for training cues.,Unisex,Unique Names
221,Sofia,"Elegant yet simple, Sofia is easy for kids to say and perfect for gentle girl dogs.",Female,Female Names
222,Scarlett,"Scarlett highlights your dog’s coat and personality in one clever, color-forward pick.",Unisex,Color-Inspired Names
223,Emily,Looking for something fresh? Emily is distinctive but still easy for training cues.,Unisex,Unique Names
224,Aria,"Elegant yet simple, Aria is easy for kids to say and perfect for gentle girl dogs.",Female,Female Names
225,Penelope,Looking for something fresh? Penelope is distinctive but still easy for training cues.,Unisex,Unique Names
226,Mila,"Mila has a friendly, upbeat sound that’s great for affectionate female pups.",Female,Female Names
227,Nora,"Nora has a friendly, upbeat sound that’s great for affectionate female pups.",Female,Female Names
228,Grace,Grace stands out at the dog park without being hard to pronounce—memorable and fun.,Unisex,Unique Names
229,Aurora,Aurora nods to the outdoors—perfect for trail-loving pups and weekend campers.,Female,Nature-Inspired Names
230,Elena,"Elena has a friendly, upbeat sound that’s great for affectionate female pups.",Female,Female Names
231,Naomi,Naomi stands out at the dog park without being hard to pronounce—memorable and fun.,Unisex,Unique Names
232,Maya,"Elegant yet simple, Maya is easy for kids to say and perfect for gentle girl dogs.",Female,Female Names
233,Audrey,Audrey stands out at the dog park without being hard to pronounce—memorable and fun.,Unisex,Unique Names
234,Brooklyn,Looking for something fresh? Brooklyn is distinctive but still easy for training cues.,Unisex,Unique Names
235,Claire,Looking for something fresh? Claire is distinctive but still easy for training cues.,Unisex,Unique Names
236,Skylar,Skylar stands out at the dog park without being hard to pronounce—memorable and fun.,Unisex,Unique Names
237,Savannah,Savannah stands out at the dog park without being hard to pronounce—memorable and fun.,Unisex,Unique Names
238,Allison,"Allison is a classic, easy-to-call choice that pops on recall and suits confident boy dogs.",Male,Male Names
239,Alexa,"Alexa has a friendly, upbeat sound that’s great for affectionate female pups.",Female,Female Names
240,Cora,"Cora has a friendly, upbeat sound that’s great for affectionate female pups.",Female,Female Names
241,Delilah,Delilah stands out at the dog park without being hard to pronounce—memorable and fun.,Unisex,Unique Names
242,Eliza,"Elegant yet simple, Eliza is easy for kids to say and perfect for gentle girl dogs.",Female,Female Names
243,Esme,Esme stands out at the dog park without being hard to pronounce—memorable and fun.,Unisex,Unique Names
244,Fiona,"Fiona has a friendly, upbeat sound that’s great for affectionate female pups.",Female,Female Names
245,Georgia,"Georgia has a friendly, upbeat sound that’s great for affectionate female pups.",Female,Female Names
246,Gemma,"Elegant yet simple, Gemma is easy for kids to say and perfect for gentle girl dogs.",Female,Female Names
247,Harlow,Harlow stands out at the dog park without being hard to pronounce—memorable and fun.,Unisex,Unique Names
248,Isla,"Elegant yet simple, Isla is easy for kids to say and perfect for gentle girl dogs.",Female,Female Names
249,Jade,"Jade highlights your dog’s coat and personality in one clever, color-forward pick.",Unisex,Color-Inspired Names
250,Josie,"Elegant yet simple, Josie is easy for kids to say and perfect for gentle girl dogs.",Female,Female Names
251,June,Looking for something fresh? June is distinctive but still easy for training cues.,Unisex,Unique Names
252,Lila,"Elegant yet simple, Lila is easy for kids to say and perfect for gentle girl dogs.",Female,Female Names
253,Lilah,Lilah stands out at the dog park without being hard to pronounce—memorable and fun.,Unisex,Unique Names
254,Lydia,"Lydia has a friendly, upbeat sound that’s great for affectionate female pups.",Female,Female Names
255,Magnolia,"Elegant yet simple, Magnolia is easy for kids to say and perfect for gentle girl dogs.",Female,Female Names
256,Maeve,Looking for something fresh? Maeve is distinctive but still easy for training cues.,Unisex,Unique Names
257,Maisie,"Elegant yet simple, Maisie is easy for kids to say and perfect for gentle girl dogs.",Female,Female Names
258,Margo,"Margo is a classic, easy-to-call choice that pops on recall and suits confident boy dogs.",Male,Male Names
259,Nellie,"Nellie has a friendly, upbeat sound that’s great for affectionate female pups.",Female,Female Names
260,Opal,"Opal highlights your dog’s coat and personality in one clever, color-forward pick.",Unisex,Color-Inspired Names
261,Paisley,Looking for something fresh? Paisley is distinctive but still easy for training cues.,Unisex,Unique Names
262,Parker,"Parker is a classic, easy-to-call choice that pops on recall and suits confident boy dogs.",Male,Male Names
263,Quinn,Quinn stands out at the dog park without being hard to pronounce—memorable and fun.,Unisex,Unique Names
264,Reese,Reese stands out at the dog park without being hard to pronounce—memorable and fun.,Unisex,Unique Names
265,Sage,Sage nods to the outdoors—perfect for trail-loving pups and weekend campers.,Unisex,Nature-Inspired Names
266,Sienna,"Sienna has a friendly, upbeat sound that’s great for affectionate female pups.",Female,Female Names
267,Tessa,"Elegant yet simple, Tessa is easy for kids to say and perfect for gentle girl dogs.",Female,Female Names
268,Thea,"Thea has a friendly, upbeat sound that’s great for affectionate female pups.",Female,Female Names
269,Willa,"Willa has a friendly, upbeat sound that’s great for affectionate female pups.",Female,Female Names
270,Zara,"Elegant yet simple, Zara is easy for kids to say and perfect for gentle girl dogs.",Female,Female Names
271,Peanut,"Light and bubbly, Peanut fits tiny tails and big personalities alike.",Unisex,Cute Names
272,Nugget,Nugget is sweet and a little silly—ideal for cuddle bugs and goofballs.,Unisex,Cute Names
273,Mochi,Mochi is sweet and a little silly—ideal for cuddle bugs and goofballs.,Unisex,Cute Names
274,Miso,Miso is sweet and a little silly—ideal for cuddle bugs and goofballs.,Male,Cute Names
275,Noodle,Noodle is sweet and a little silly—ideal for cuddle bugs and goofballs.,Unisex,Cute Names
276,Pickles,"Light and bubbly, Pickles fits tiny tails and big personalities alike.",Unisex,Cute Names
277,Waffles,Waffles is sweet and a little silly—ideal for cuddle bugs and goofballs.,Unisex,Cute Names
278,Biscuit,Biscuit is sweet and a little silly—ideal for cuddle bugs and goofballs.,Unisex,Cute Names
279,Pumpkin,"Earthy and calm, Pumpkin fits dogs who love fresh air, forest paths, and lakeside strolls.",Unisex,Nature-Inspired Names
280,Cookie,Cookie is sweet and a little silly—ideal for cuddle bugs and goofballs.,Female,Cute Names
281,Cupcake,Cupcake is sweet and a little silly—ideal for cuddle bugs and goofballs.,Unisex,Cute Names
282,Marshmallow,"Light and bubbly, Marshmallow fits tiny tails and big personalities alike.",Unisex,Cute Names
283,Pudding,"Light and bubbly, Pudding fits tiny tails and big personalities alike.",Unisex,Cute Names
284,Bubbles,Bubbles is sweet and a little silly—ideal for cuddle bugs and goofballs.,Unisex,Cute Names
285,Sprout,"Light and bubbly, Sprout fits tiny tails and big personalities alike.",Unisex,Cute Names
286,Pebble,"Light and bubbly, Pebble fits tiny tails and big personalities alike.",Unisex,Cute Names
287,Pip,"Light and bubbly, Pip fits tiny tails and big personalities alike.",Unisex,Cute Names
288,Pippa,Pippa is sweet and a little silly—ideal for cuddle bugs and goofballs.,Female,Cute Names
289,Pixie,"Light and bubbly, Pixie fits tiny tails and big personalities alike.",Female,Cute Names
290,Socks,Socks is sweet and a little silly—ideal for cuddle bugs and goofballs.,Unisex,Cute Names
291,Snowball,"Light and bubbly, Snowball fits tiny tails and big personalities alike.",Unisex,Cute Names
292,Goober,Goober is sweet and a little silly—ideal for cuddle bugs and goofballs.,Male,Cute Names
293,Tofu,"Light and bubbly, Tofu fits tiny tails and big personalities alike.",Unisex,Cute Names
294,Sushi,Sushi is sweet and a little silly—ideal for cuddle bugs and goofballs.,Unisex,Cute Names
295,Kimchi,"Light and bubbly, Kimchi fits tiny tails and big personalities alike.",Unisex,Cute Names
296,Tater,"Light and bubbly, Tater fits tiny tails and big personalities alike.",Male,Cute Names
297,Beans,"Light and bubbly, Beans fits tiny tails and big personalities alike.",Unisex,Cute Names
298,Muffin,Muffin is sweet and a little silly—ideal for cuddle bugs and goofballs.,Unisex,Cute Names
299,Cuddles,Cuddles is sweet and a little silly—ideal for cuddle bugs and goofballs.,Unisex,Cute Names
300,Dottie,"Light and bubbly, Dottie fits tiny tails and big personalities alike.",Female,Cute Names
301,Button,Button is sweet and a little silly—ideal for cuddle bugs and goofballs.,Unisex,Cute Names
302,Chai,Chai is sweet and a little silly—ideal for cuddle bugs and goofballs.,Female,Cute Names
303,Honey,"Simple and striking, Honey matches vivid markings and photogenic pups.",Female,Color-Inspired Names
304,Sugar,Sugar is sweet and a little silly—ideal for cuddle bugs and goofballs.,Female,Cute Names
305,Thor,"Thor has a bold, powerful vibe—great for guardians with steady, loyal temperaments.",Male,Strong Names
306,Athena,"Solid and confident, Athena suits athletic dogs that love adventures and big hikes.",Female,Strong Names
307,Hercules,"Hercules has a bold, powerful vibe—great for guardians with steady, loyal temperaments.",Unisex,Strong Names
308,Titan,"Solid and confident, Titan suits athletic dogs that love adventures and big hikes.",Unisex,Strong Names
309,Tank,"Tank has a bold, powerful vibe—great for guardians with steady, loyal temperaments.",Unisex,Strong Names
310,Chief,"Solid and confident, Chief suits athletic dogs that love adventures and big hikes.",Unisex,Strong Names
311,Boss,"Boss has a bold, powerful vibe—great for guardians with steady, loyal temperaments.",Unisex,Strong Names
312,Kaiser,"Kaiser has a bold, powerful vibe—great for guardians with steady, loyal temperaments.",Male,Strong Names
313,Ace,"Solid and confident, Ace suits athletic dogs that love adventures and big hikes.",Male,Strong Names
314,Dash,"Solid and confident, Dash suits athletic dogs that love adventures and big hikes.",Unisex,Strong Names
315,Knight,"Knight has a bold, powerful vibe—great for guardians with steady, loyal temperaments.",Unisex,Strong Names
316,Viking,"Viking has a bold, powerful vibe—great for guardians with steady, loyal temperaments.",Unisex,Strong Names
317,Sparta,"Sparta has a bold, powerful vibe—great for guardians with steady, loyal temperaments.",Female,Strong Names
318,Sable,"Simple and striking, Sable matches vivid markings and photogenic pups.",Unisex,Color-Inspired Names
319,Hades,"Solid and confident, Hades suits athletic dogs that love adventures and big hikes.",Unisex,Strong Names
320,Storm,"Earthy and calm, Storm fits dogs who love fresh air, forest paths, and lakeside strolls.",Unisex,Nature-Inspired Names
321,Blaze,"Solid and confident, Blaze suits athletic dogs that love adventures and big hikes.",Unisex,Strong Names
322,Steel,"Steel has a bold, powerful vibe—great for guardians with steady, loyal temperaments.",Unisex,Strong Names
323,Spike,"Solid and confident, Spike suits athletic dogs that love adventures and big hikes.",Unisex,Strong Names
324,Major,"Solid and confident, Major suits athletic dogs that love adventures and big hikes.",Unisex,Strong Names
325,Sarge,"Sarge has a bold, powerful vibe—great for guardians with steady, loyal temperaments.",Unisex,Strong Names
326,Rogue,"Solid and confident, Rogue suits athletic dogs that love adventures and big hikes.",Unisex,Strong Names
327,Vader,"Vader has a bold, powerful vibe—great for guardians with steady, loyal temperaments.",Male,Strong Names
328,Rambo,"Solid and confident, Rambo suits athletic dogs that love adventures and big hikes.",Male,Strong Names
329,Rhea,"Solid and confident, Rhea suits athletic dogs that love adventures and big hikes.",Female,Strong Names
330,Nyx,"Solid and confident, Nyx suits athletic dogs that love adventures and big hikes.",Female,Strong Names
331,Xena,"Xena has a bold, powerful vibe—great for guardians with steady, loyal temperaments.",Female,Strong Names
332,River,"Earthy and calm, River fits dogs who love fresh air, forest paths, and lakeside strolls.",Male,Nature-Inspired Names
333,Maple,"With a Great White North flair, Maple is a fun pick for outdoorsy families.",Unisex,Canadian-Inspired Names
334,Aspen,"Earthy and calm, Aspen fits dogs who love fresh air, forest paths, and lakeside strolls.",Unisex,Nature-Inspired Names
335,Birch,Birch nods to the outdoors—perfect for trail-loving pups and weekend campers.,Unisex,Nature-Inspired Names
336,Cedar,Cedar nods to the outdoors—perfect for trail-loving pups and weekend campers.,Unisex,Nature-Inspired Names
337,Juniper,Juniper nods to the outdoors—perfect for trail-loving pups and weekend campers.,Male,Nature-Inspired Names
338,Fern,Fern nods to the outdoors—perfect for trail-loving pups and weekend campers.,Unisex,Nature-Inspired Names
339,Clover,Clover nods to the outdoors—perfect for trail-loving pups and weekend campers.,Male,Nature-Inspired Names
340,Pearl,"Simple and striking, Pearl matches vivid markings and photogenic pups.",Female,Color-Inspired Names
341,Coral,"Earthy and calm, Coral fits dogs who love fresh air, forest paths, and lakeside strolls.",Unisex,Nature-Inspired Names
342,Ember,Ember nods to the outdoors—perfect for trail-loving pups and weekend campers.,Male,Nature-Inspired Names
343,Zephyr,Zephyr nods to the outdoors—perfect for trail-loving pups and weekend campers.,Unisex,Nature-Inspired Names
344,Meadow,"Earthy and calm, Meadow fits dogs who love fresh air, forest paths, and lakeside strolls.",Unisex,Nature-Inspired Names
345,Flint,Flint nods to the outdoors—perfect for trail-loving pups and weekend campers.,Unisex,Nature-Inspired Names
346,Canyon,"Earthy and calm, Canyon fits dogs who love fresh air, forest paths, and lakeside strolls.",Unisex,Nature-Inspired Names
347,Summit,"Earthy and calm, Summit fits dogs who love fresh air, forest paths, and lakeside strolls.",Unisex,Nature-Inspired Names
348,Ridge,"Earthy and calm, Ridge fits dogs who love fresh air, forest paths, and lakeside strolls.",Unisex,Nature-Inspired Names
349,Cove,Cove nods to the outdoors—perfect for trail-loving pups and weekend campers.,Unisex,Nature-Inspired Names
350,Harbor,"Earthy and calm, Harbor fits dogs who love fresh air, forest paths, and lakeside strolls.",Unisex,Nature-Inspired Names
351,Ocean,"Earthy and calm, Ocean fits dogs who love fresh air, forest paths, and lakeside strolls.",Unisex,Nature-Inspired Names
352,Bay,Bay nods to the outdoors—perfect for trail-loving pups and weekend campers.,Unisex,Nature-Inspired Names
353,Brook,"Earthy and calm, Brook fits dogs who love fresh air, forest paths, and lakeside strolls.",Unisex,Nature-Inspired Names
354,Skye,Skye nods to the outdoors—perfect for trail-loving pups and weekend campers.,Female,Nature-Inspired Names
355,Rain,Rain nods to the outdoors—perfect for trail-loving pups and weekend campers.,Unisex,Nature-Inspired Names
356,Thunder,"Earthy and calm, Thunder fits dogs who love fresh air, forest paths, and lakeside strolls.",Male,Nature-Inspired Names
357,Boulder,Boulder nods to the outdoors—perfect for trail-loving pups and weekend campers.,Male,Nature-Inspired Names
358,Pine,"Earthy and calm, Pine fits dogs who love fresh air, forest paths, and lakeside strolls.",Unisex,Nature-Inspired Names
359,Spruce,Spruce nods to the outdoors—perfect for trail-loving pups and weekend campers.,Unisex,Nature-Inspired Names
360,Cypress,Cypress nods to the outdoors—perfect for trail-loving pups and weekend campers.,Unisex,Nature-Inspired Names
361,Blossom,"Earthy and calm, Blossom fits dogs who love fresh air, forest paths, and lakeside strolls.",Unisex,Nature-Inspired Names
362,Basil,Basil nods to the outdoors—perfect for trail-loving pups and weekend campers.,Unisex,Nature-Inspired Names
363,Marigold,Marigold nods to the outdoors—perfect for trail-loving pups and weekend campers.,Unisex,Nature-Inspired Names
364,Holly,Holly nods to the outdoors—perfect for trail-loving pups and weekend campers.,Unisex,Nature-Inspired Names
365,Frost,"Simple and striking, Frost matches vivid markings and photogenic pups.",Unisex,Color-Inspired Names
366,Glacier,Glacier nods to the outdoors—perfect for trail-loving pups and weekend campers.,Male,Nature-Inspired Names
367,Tundra,"Earthy and calm, Tundra fits dogs who love fresh air, forest paths, and lakeside strolls.",Female,Nature-Inspired Names
368,Echo,Echo nods to the outdoors—perfect for trail-loving pups and weekend campers.,Male,Nature-Inspired Names
369,Sierra,"Earthy and calm, Sierra fits dogs who love fresh air, forest paths, and lakeside strolls.",Female,Nature-Inspired Names
370,Everest,"Earthy and calm, Everest fits dogs who love fresh air, forest paths, and lakeside strolls.",Unisex,Nature-Inspired Names
371,Orion,"Earthy and calm, Orion fits dogs who love fresh air, forest paths, and lakeside strolls.",Unisex,Nature-Inspired Names
372,Cosmo,Cosmo nods to the outdoors—perfect for trail-loving pups and weekend campers.,Male,Nature-Inspired Names
373,Comet,Comet nods to the outdoors—perfect for trail-loving pups and weekend campers.,Unisex,Nature-Inspired Names
374,Star,Star nods to the outdoors—perfect for trail-loving pups and weekend campers.,Unisex,Nature-Inspired Names
375,Sol,Sol nods to the outdoors—perfect for trail-loving pups and weekend campers.,Unisex,Nature-Inspired Names
376,Terra,Terra nods to the outdoors—perfect for trail-loving pups and weekend campers.,Female,Nature-Inspired Names
377,Delta,"Earthy and calm, Delta fits dogs who love fresh air, forest paths, and lakeside strolls.",Female,Nature-Inspired Names
378,Indigo,"Indigo highlights your dog’s coat and personality in one clever, color-forward pick.",Male,Color-Inspired Names
379,Onyx,"Onyx highlights your dog’s coat and personality in one clever, color-forward pick.",Unisex,Color-Inspired Names
380,Topaz,Topaz nods to the outdoors—perfect for trail-loving pups and weekend campers.,Unisex,Nature-Inspired Names
381,Garnet,"Earthy and calm, Garnet fits dogs who love fresh air, forest paths, and lakeside strolls.",Unisex,Nature-Inspired Names
382,Quartz,"Earthy and calm, Quartz fits dogs who love fresh air, forest paths, and lakeside strolls.",Unisex,Nature-Inspired Names
383,Slate,"Slate highlights your dog’s coat and personality in one clever, color-forward pick.",Unisex,Color-Inspired Names
384,Ash,"Simple and striking, Ash matches vivid markings and photogenic pups.",Unisex,Color-Inspired Names
385,Cinder,"Earthy and calm, Cinder fits dogs who love fresh air, forest paths, and lakeside strolls.",Male,Nature-Inspired Names
386,Wren,Wren nods to the outdoors—perfect for trail-loving pups and weekend campers.,Unisex,Nature-Inspired Names
387,Raven,"Earthy and calm, Raven fits dogs who love fresh air, forest paths, and lakeside strolls.",Unisex,Nature-Inspired Names
388,Robin,"Earthy and calm, Robin fits dogs who love fresh air, forest paths, and lakeside strolls.",Unisex,Nature-Inspired Names
389,Finch,Finch nods to the outdoors—perfect for trail-loving pups and weekend campers.,Unisex,Nature-Inspired Names
390,Wolf,"Earthy and calm, Wolf fits dogs who love fresh air, forest paths, and lakeside strolls.",Unisex,Nature-Inspired Names
391,Otter,Otter nods to the outdoors—perfect for trail-loving pups and weekend campers.,Male,Nature-Inspired Names
392,Lynx,Lynx nods to the outdoors—perfect for trail-loving pups and weekend campers.,Unisex,Nature-Inspired Names
393,Falcon,Falcon nods to the outdoors—perfect for trail-loving pups and weekend campers.,Unisex,Nature-Inspired Names
394,Blu,"Blu highlights your dog’s coat and personality in one clever, color-forward pick.",Unisex,Color-Inspired Names
395,Ivory,"Simple and striking, Ivory matches vivid markings and photogenic pups.",Unisex,Color-Inspired Names
396,Ebony,"Ebony highlights your dog’s coat and personality in one clever, color-forward pick.",Unisex,Color-Inspired Names
397,Cocoa,"Simple and striking, Cocoa matches vivid markings and photogenic pups.",Female,Color-Inspired Names
398,Mocha,"Mocha highlights your dog’s coat and personality in one clever, color-forward pick.",Female,Color-Inspired Names
399,Chestnut,"Simple and striking, Chestnut matches vivid markings and photogenic pups.",Unisex,Color-Inspired Names
400,Copper,"Simple and striking, Copper matches vivid markings and photogenic pups.",Male,Color-Inspired Names
401,Rusty,"Simple and striking, Rusty matches vivid markings and photogenic pups.",Unisex,Color-Inspired Names
402,Ginger,"Simple and striking, Ginger matches vivid markings and photogenic pups.",Female,Color-Inspired Names
403,Goldie,"Goldie highlights your dog’s coat and personality in one clever, color-forward pick.",Female,Color-Inspired Names
404,Snow,"Snow highlights your dog’s coat and personality in one clever, color-forward pick.",Unisex,Color-Inspired Names
405,Snowy,"Simple and striking, Snowy matches vivid markings and photogenic pups.",Unisex,Color-Inspired Names
406,Charcoal,"Charcoal highlights your dog’s coat and personality in one clever, color-forward pick.",Unisex,Color-Inspired Names
407,Blondie,"Blondie highlights your dog’s coat and personality in one clever, color-forward pick.",Female,Color-Inspired Names
408,Amber,"Simple and striking, Amber matches vivid markings and photogenic pups.",Male,Color-Inspired Names
409,Iris,"Simple and striking, Iris matches vivid markings and photogenic pups.",Unisex,Color-Inspired Names
410,Violet,"Violet highlights your dog’s coat and personality in one clever, color-forward pick.",Unisex,Color-Inspired Names
411,Lilac,"Lilac highlights your dog’s coat and personality in one clever, color-forward pick.",Unisex,Color-Inspired Names
412,Umber,"Umber highlights your dog’s coat and personality in one clever, color-forward pick.",Male,Color-Inspired Names
413,Jet,"Jet highlights your dog’s coat and personality in one clever, color-forward pick.",Unisex,Color-Inspired Names
414,Midnight,"Simple and striking, Midnight matches vivid markings and photogenic pups.",Unisex,Color-Inspired Names
415,Cream,"Simple and striking, Cream matches vivid markings and photogenic pups.",Unisex,Color-Inspired Names
416,Moony,"Moony highlights your dog’s coat and personality in one clever, color-forward pick.",Unisex,Color-Inspired Names
417,Poutine,Poutine tips its toque to Canada—great for cold‑weather romps and cottage‑country dogs.,Unisex,Canadian-Inspired Names
418,Timbit,Timbit tips its toque to Canada—great for cold‑weather romps and cottage‑country dogs.,Unisex,Canadian-Inspired Names
419,Yukon,"With a Great White North flair, Yukon is a fun pick for outdoorsy families.",Unisex,Canadian-Inspired Names
420,Banff,"With a Great White North flair, Banff is a fun pick for outdoorsy families.",Unisex,Canadian-Inspired Names
421,Whistler,Whistler tips its toque to Canada—great for cold‑weather romps and cottage‑country dogs.,Male,Canadian-Inspired Names
422,Tofino,"With a Great White North flair, Tofino is a fun pick for outdoorsy families.",Male,Canadian-Inspired Names
423,Kelowna,Kelowna tips its toque to Canada—great for cold‑weather romps and cottage‑country dogs.,Female,Canadian-Inspired Names
424,Ottawa,"With a Great White North flair, Ottawa is a fun pick for outdoorsy families.",Female,Canadian-Inspired Names
425,Toronto,Toronto tips its toque to Canada—great for cold‑weather romps and cottage‑country dogs.,Male,Canadian-Inspired Names
426,Montreal,Montreal tips its toque to Canada—great for cold‑weather romps and cottage‑country dogs.,Unisex,Canadian-Inspired Names
427,Quebec,"With a Great White North flair, Quebec is a fun pick for outdoorsy families.",Unisex,Canadian-Inspired Names
428,Laurent,"With a Great White North flair, Laurent is a fun pick for outdoorsy families.",Unisex,Canadian-Inspired Names
429,Huron,Huron tips its toque to Canada—great for cold‑weather romps and cottage‑country dogs.,Unisex,Canadian-Inspired Names
430,Algonquin,"With a Great White North flair, Algonquin is a fun pick for outdoorsy families.",Unisex,Canadian-Inspired Names
431,Canuck,"With a Great White North flair, Canuck is a fun pick for outdoorsy families.",Unisex,Canadian-Inspired Names
432,Nunavut,"With a Great White North flair, Nunavut is a fun pick for outdoorsy families.",Unisex,Canadian-Inspired Names
433,Saskatoon,"With a Great White North flair, Saskatoon is a fun pick for outdoorsy families.",Unisex,Canadian-Inspired Names
434,Regina,Regina tips its toque to Canada—great for cold‑weather romps and cottage‑country dogs.,Female,Canadian-Inspired Names
435,Calgary,Calgary tips its toque to Canada—great for cold‑weather romps and cottage‑country dogs.,Unisex,Canadian-Inspired Names
436,Edmonton,"With a Great White North flair, Edmonton is a fun pick for outdoorsy families.",Unisex,Canadian-Inspired Names
437,Vernon,Vernon tips its toque to Canada—great for cold‑weather romps and cottage‑country dogs.,Unisex,Canadian-Inspired Names
438,Victoria,"With a Great White North flair, Victoria is a fun pick for outdoorsy families.",Female,Canadian-Inspired Names
439,Crosby,Crosby tips its toque to Canada—great for cold‑weather romps and cottage‑country dogs.,Unisex,Canadian-Inspired Names
440,Gretzky,Gretzky tips its toque to Canada—great for cold‑weather romps and cottage‑country dogs.,Unisex,Canadian-Inspired Names
441,Shania,"With a Great White North flair, Shania is a fun pick for outdoorsy families.",Female,Canadian-Inspired Names
442,Celine,"With a Great White North flair, Celine is a fun pick for outdoorsy families.",Unisex,Canadian-Inspired Names
443,Avril,Avril tips its toque to Canada—great for cold‑weather romps and cottage‑country dogs.,Unisex,Canadian-Inspired Names
444,Drake,"With a Great White North flair, Drake is a fun pick for outdoorsy families.",Unisex,Canadian-Inspired Names
445,Leaf,"With a Great White North flair, Leaf is a fun pick for outdoorsy families.",Unisex,Canadian-Inspired Names
446,Raptor,Raptor tips its toque to Canada—great for cold‑weather romps and cottage‑country dogs.,Unisex,Canadian-Inspired Names
447,Jay,Jay tips its toque to Canada—great for cold‑weather romps and cottage‑country dogs.,Unisex,Canadian-Inspired Names
448,Oilers,Oilers tips its toque to Canada—great for cold‑weather romps and cottage‑country dogs.,Unisex,Canadian-Inspired Names
449,Flames,Flames tips its toque to Canada—great for cold‑weather romps and cottage‑country dogs.,Unisex,Canadian-Inspired Names
450,Habs,"With a Great White North flair, Habs is a fun pick for outdoorsy families.",Unisex,Canadian-Inspired Names
451,Rider,Rider tips its toque to Canada—great for cold‑weather romps and cottage‑country dogs.,Male,Canadian-Inspired Names
452,Toonie,Toonie tips its toque to Canada—great for cold‑weather romps and cottage‑country dogs.,Female,Canadian-Inspired Names
453,Loonie,"With a Great White North flair, Loonie is a fun pick for outdoorsy families.",Female,Canadian-Inspired Names
454,Niagara,Niagara tips its toque to Canada—great for cold‑weather romps and cottage‑country dogs.,Female,Canadian-Inspired Names
455,Georgian,"With a Great White North flair, Georgian is a fun pick for outdoorsy families.",Unisex,Canadian-Inspired Names
456,Muskoka,Muskoka tips its toque to Canada—great for cold‑weather romps and cottage‑country dogs.,Female,Canadian-Inspired Names
457,Prairie,"With a Great White North flair, Prairie is a fun pick for outdoorsy families.",Female,Canadian-Inspired Names
458,Murray,Looking for something fresh? Murray is distinctive but still easy for training cues.,Unisex,Unique Names
459,Percy,Percy stands out at the dog park without being hard to pronounce—memorable and fun.,Unisex,Unique Names
460,Gatsby,Gatsby stands out at the dog park without being hard to pronounce—memorable and fun.,Unisex,Unique Names
461,Indie,"Indie has a friendly, upbeat sound that’s great for affectionate female pups.",Female,Female Names
462,Cali,Looking for something fresh? Cali is distinctive but still easy for training cues.,Unisex,Unique Names
463,Frankie,"Elegant yet simple, Frankie is easy for kids to say and perfect for gentle girl dogs.",Female,Female Names
464,Kiki,Looking for something fresh? Kiki is distinctive but still easy for training cues.,Unisex,Unique Names
465,Rolo,"Rolo is a classic, easy-to-call choice that pops on recall and suits confident boy dogs.",Male,Male Names
466,Pogo,"Short and strong, Pogo carries well at the park and fits playful, people-loving males.",Male,Male Names
467,Briar,Briar stands out at the dog park without being hard to pronounce—memorable and fun.,Unisex,Unique Names
468,Alpine,Alpine stands out at the dog park without being hard to pronounce—memorable and fun.,Unisex,Unique Names
469,Tahoma,"Elegant yet simple, Tahoma is easy for kids to say and perfect for gentle girl dogs.",Female,Female Names
470,Granville,Granville stands out at the dog park without being hard to pronounce—memorable and fun.,Unisex,Unique Names
471,Moosejaw,Moosejaw stands out at the dog park without being hard to pronounce—memorable and fun.,Unisex,Unique Names
472,Kootenay,Kootenay stands out at the dog park without being hard to pronounce—memorable and fun.,Unisex,Unique Names
473,Algoma,"Algoma has a friendly, upbeat sound that’s great for affectionate female pups.",Female,Female Names
474,Lakeland,Lakeland stands out at the dog park without being hard to pronounce—memorable and fun.,Unisex,Unique Names
475,Ridley,Ridley stands out at the dog park without being hard to pronounce—memorable and fun.,Unisex,Unique Names
476,Skipper,"Skipper is a classic, easy-to-call choice that pops on recall and suits confident boy dogs.",Male,Male Names
477,Sequoia,"Elegant yet simple, Sequoia is easy for kids to say and perfect for gentle girl dogs.",Female,Female Names
478,Timber,"Timber is a classic, easy-to-call choice that pops on recall and suits confident boy dogs.",Male,Male Names
479,Shore,Looking for something fresh? Shore is distinctive but still easy for training cues.,Unisex,Unique Names
480,Drift,Looking for something fresh? Drift is distinctive but still easy for training cues.,Unisex,Unique Names
481,Crest,Crest stands out at the dog park without being hard to pronounce—memorable and fun.,Unisex,Unique Names
482,Peak,Peak stands out at the dog park without being hard to pronounce—memorable and fun.,Unisex,Unique Names
483,Vale,Vale stands out at the dog park without being hard to pronounce—memorable and fun.,Unisex,Unique Names
484,Rumi,Looking for something fresh? Rumi is distinctive but still easy for training cues.,Unisex,Unique Names
485,Sora,"Elegant yet simple, Sora is easy for kids to say and perfect for gentle girl dogs.",Female,Female Names
486,Taro,"Taro is a classic, easy-to-call choice that pops on recall and suits confident boy dogs.",Male,Male Names
487,Kuma,"Elegant yet simple, Kuma is easy for kids to say and perfect for gentle girl dogs.",Female,Female Names
488,Amberly,Amberly stands out at the dog park without being hard to pronounce—memorable and fun.,Unisex,Unique Names
