priority,collection,item_name,item_slug,field_name,current_page_path,original_webflow_url,current_status,reason,owner_action_needed
"critical_before_launch","City Pages","Bridgewater","bridgewater","Hero Image","/dog-parks/bridgewater/","https://cdn.prod.website-files.com/683758b09dd1e3ac2e4e980a/68b89801ceaed5277ebc4147_Off-Leash%20Dog%20Parks%20in%20Halifax.jpg","missing / none","No source media file matched this tracker row.","Provide or approve a launch-ready hero/card image before cutover."
"critical_before_launch","City Pages","Calgary","calgary","Hero Image","/dog-parks/calgary/","https://cdn.prod.website-files.com/683758b09dd1e3ac2e4e980a/6871d6f4f9092a9827cf604e_calgary-dog-parks.avif","missing / none","No source media file matched this tracker row.","Provide or approve a launch-ready hero/card image before cutover."
"critical_before_launch","City Pages","Halifax","halifax","Hero Image","/dog-parks/halifax/","https://cdn.prod.website-files.com/683758b09dd1e3ac2e4e980a/68b89801ceaed5277ebc4147_Off-Leash%20Dog%20Parks%20in%20Halifax.jpg","missing / none","No source media file matched this tracker row.","Provide or approve a launch-ready hero/card image before cutover."
"critical_before_launch","City Pages","Kentville","kentville","Hero Image","/dog-parks/kentville/","https://cdn.prod.website-files.com/683758b09dd1e3ac2e4e980a/68b985b43343e3e3a1dc404b_Off-Leash%20Dog%20Park%20in%20Kentville%2C%20NS.jpg","missing / none","No source media file matched this tracker row.","Provide or approve a launch-ready hero/card image before cutover."
"critical_before_launch","City Pages","London","london","Hero Image","/dog-parks/london/","https://cdn.prod.website-files.com/683758b09dd1e3ac2e4e980a/68e567153d38594bfaf0aed6_london-dog-park-hero.jpg","missing / none","No source media file matched this tracker row.","Provide or approve a launch-ready hero/card image before cutover."
"critical_before_launch","City Pages","Mississauga","mississauga","Hero Image","/dog-parks/mississauga/","https://cdn.prod.website-files.com/683758b09dd1e3ac2e4e980a/68f11fe46ed7e781525275fc_mississauga-jack-darling-dogs-grassy-field.jpg","missing / none","No source media file matched this tracker row.","Provide or approve a launch-ready hero/card image before cutover."
"critical_before_launch","City Pages","Oakville","oakville","Hero Image","/dog-parks/oakville/","https://cdn.prod.website-files.com/683758b09dd1e3ac2e4e980a/68f11deca0b7c8cbfb2471ed_oakville-bronte-creek-dogs-nature-trail.jpg","missing / none","No source media file matched this tracker row.","Provide or approve a launch-ready hero/card image before cutover."
"critical_before_launch","City Pages","Toronto","toronto","Hero Image","/dog-parks/toronto/","https://cdn.prod.website-files.com/683758b09dd1e3ac2e4e980a/6841ef5c544b2be7210b151a_Toronto%20Leash-Free%20Dog%20Parks.jpg","review_required / medium","Best source match scored 57: slug in filename, item name in filename, field purpose. Medium confidence match has competing candidates and was not copy eligible.","Provide or approve a launch-ready hero/card image before cutover."
"critical_before_launch","City Pages","Truro","truro","Hero Image","/dog-parks/truro/","https://cdn.prod.website-files.com/683758b09dd1e3ac2e4e980a/68b89801ceaed5277ebc4147_Off-Leash%20Dog%20Parks%20in%20Halifax.jpg","missing / none","No source media file matched this tracker row.","Provide or approve a launch-ready hero/card image before cutover."
"critical_before_launch","City Pages","Vancouver","vancouver","Hero Image","/dog-parks/vancouver/","https://cdn.prod.website-files.com/683758b09dd1e3ac2e4e980a/6870777b8ad3cc37e3a285e6_vancouver-dog-parks-directory-hero-graphic.png","review_required / medium","Best source match scored 49: slug in filename, item name in filename. Medium confidence match has competing candidates and was not copy eligible.","Provide or approve a launch-ready hero/card image before cutover."
"recommended_before_launch","Dog Breeds","English Springer Spaniel","english-springer-spaniel","Featured Image","/dog-breeds/english-springer-spaniel/","https://cdn.prod.website-files.com/683758b09dd1e3ac2e4e980a/68a48a2c228d09fcf4f5b05f_A_high-resolution_digital_photograph_taken_during.avif","missing / none","No source media file matched this tracker row.","Provide media if available; placeholder is acceptable for preview."
"recommended_before_launch","Dog Breeds","Korean Jindo Dog","korean-jindo-dog","Featured Image","/dog-breeds/korean-jindo-dog/","https://cdn.prod.website-files.com/683758b09dd1e3ac2e4e980a/68d71e4de5c516613ae0b5f7_jindo-dog-forest-trail-portrait-leashfree.avif","missing / none","No source media file matched this tracker row.","Provide media if available; placeholder is acceptable for preview."
"recommended_before_launch","Dog Breeds","Kuvasz","kuvasz","Featured Image","/dog-breeds/kuvasz/","https://cdn.prod.website-files.com/683758b09dd1e3ac2e4e980a/68d7208c14a43e6ce6c7bb44_korean-jindo-dog-forest-trail-portrait-leashfree.avif","missing / none","No source media file matched this tracker row.","Provide media if available; placeholder is acceptable for preview."
"recommended_before_launch","Dog Breeds","Portuguese Water Dog","portuguese-water-dog","Featured Image","/dog-breeds/portuguese-water-dog/","https://cdn.prod.website-files.com/683758b09dd1e3ac2e4e980a/68a22e86fb7309f199442ecd_portuguese-water-dog-breed-sitting-on-forest-path.avif","missing / none","No source media file matched this tracker row.","Provide media if available; placeholder is acceptable for preview."
"owner_review_needed","Blog Categories","Health & Wellness","health-wellness","Thumbnail Image (Image, optional)","/blog/category/health-wellness/","https://cdn.prod.website-files.com/683758b09dd1e3ac2e4e980a/68bf0b14071bc0395063ade2_Dog%20with%20Canadian%20flag%20bandana%20at%20park%20(2880x1488","review_required / low","Best source match scored 32: partial original Webflow filename. Low confidence match requires owner review before copying.","Review candidate match before production confidence is raised."
"owner_review_needed","Blog Categories","Lifestyle & Community","lifestyle-community","Thumbnail Image (Image, optional)","/blog/category/lifestyle-community/","https://cdn.prod.website-files.com/683758b09dd1e3ac2e4e980a/68bf0cbbc7c5626a9d251a54_Dog%20with%20Canadian%20flag%20bandana%20at%20park%20(2880x1488","review_required / low","Best source match scored 32: partial original Webflow filename. Low confidence match requires owner review before copying.","Review candidate match before production confidence is raised."
"safe_to_launch_with_placeholder","Blog Categories","Dog Names","dog-names","Thumbnail Image (Image, optional)","/blog/category/dog-names/","https://cdn.prod.website-files.com/683758b09dd1e3ac2e4e980a/68bf0830fc36f27098a4aaa8_Cute%20puppy%20with%20name%20tag%20(2880x1488","published / medium","Copied but retained for launch review because confidence is not high or owner review is flagged.","No launch-blocking action; review after preview QA."
"safe_to_launch_with_placeholder","Blog Categories","Dog Parks","dog-parks","Thumbnail Image (Image, optional)","/blog/category/dog-parks/","https://cdn.prod.website-files.com/683758b09dd1e3ac2e4e980a/68bef84a071bc039505c4fdd_Wide%20shot%20of%20dogs%20running%20in%20a%20fenced%20park%20(2880x1488","review_required / medium","Best source match scored 52: slug in filename, item name in filename. Medium confidence match has competing candidates and was not copy eligible.","No launch-blocking action; review after preview QA."
"safe_to_launch_with_placeholder","Blog Categories","Training & Behavior","training-behavior","Thumbnail Image (Image, optional)","/blog/category/training-behavior/","https://cdn.prod.website-files.com/683758b09dd1e3ac2e4e980a/68bf0a2fb342dbb8fe3a4532_Dog%20training%20with%20treat%20in%20a%20park%20(2880x1488","published / medium","Copied but retained for launch review because confidence is not high or owner review is flagged.","No launch-blocking action; review after preview QA."
"safe_to_launch_with_placeholder","City Pages","Burlington","burlington","Hero Image","/dog-parks/burlington/","https://cdn.prod.website-files.com/683758b09dd1e3ac2e4e980a/6882c60d9cece3cec5b302f0_burlington-ontario-dog-parks-directory-graphic.avif","published / medium","Copied but retained for launch review because confidence is not high or owner review is flagged.","No launch-blocking action; review after preview QA."
"safe_to_launch_with_placeholder","City Pages","St. Catharines","st-catharines","Hero Image","/dog-parks/st-catharines/","https://cdn.prod.website-files.com/683758b09dd1e3ac2e4e980a/6841b0c956d42a7007cfd0d1_st-catherines-dog-parks.jpg","published / medium","Copied but retained for launch review because confidence is not high or owner review is flagged.","No launch-blocking action; review after preview QA."
"safe_to_launch_with_placeholder","Dog Breeds","Weimaraner","weimaraner","Grooming","/dog-breeds/weimaraner/","https://cdn.prod.website-files.com/683758b09dd1e3ac2e4e980a/687bb47826a01a43bc38b246_weimaraner-grooming-checklist-infographic.jpg","review_required / medium","Best source match scored 54: slug in filename, item name in filename, collection prefix. Medium confidence match has competing candidates and was not copy eligible.","No launch-blocking action; review after preview QA."
"safe_to_launch_with_placeholder","Dog Parks","Andy Livingstone","andy-livingstone-dog-park","Media","/dog-parks/andy-livingstone-dog-park/","https://cdn.prod.website-files.com/683758b09dd1e3ac2e4e980a/6838bf8248d43e4eb440ee42_golden-retriever-in-forest-edge-dog-park.png","missing / none","No source media file matched this tracker row.","No launch-blocking action; review after preview QA."
"safe_to_launch_with_placeholder","Dog Parks","Andy Livingstone","balaclava-dog-park","Media","/dog-parks/andy-livingstone-dog-park/","https://cdn.prod.website-files.com/683758b09dd1e3ac2e4e980a/6838bf6da378932f0d55bef8_border-collie-in-open-grassy-dog-park.png","missing / none","No source media file matched this tracker row.","No launch-blocking action; review after preview QA."
"safe_to_launch_with_placeholder","Dog Parks","Bayview Park","bayview-park","Media","/dog-parks/bayview-park/","https://cdn.prod.website-files.com/683758b09dd1e3ac2e4e980a/6839fed3cc1d4f6c27cc82b4_bayview-park-burlington-on.png","missing / none","No source media file matched this tracker row.","No launch-blocking action; review after preview QA."
"safe_to_launch_with_placeholder","Dog Parks","Bonavista","bonavista","Media","/dog-parks/bonavista/","https://cdn.prod.website-files.com/683758b09dd1e3ac2e4e980a/683b1ddd99d4134a28d49bb1_bonavista-off-leash-area-calgary-leash-free-dog-park.jpg","missing / none","No source media file matched this tracker row.","No launch-blocking action; review after preview QA."
"safe_to_launch_with_placeholder","Dog Parks","Bowmont Park","bowmont-park","Media","/dog-parks/bowmont-park/","https://cdn.prod.website-files.com/683758b09dd1e3ac2e4e980a/683a5d67de0a388c0cb03029_bowmont-dog-park.png","missing / none","No source media file matched this tracker row.","No launch-blocking action; review after preview QA."
"safe_to_launch_with_placeholder","Dog Parks","Bronte Creek Provincial Park","bronte-creek-provincial-park","Media","/dog-parks/bronte-creek-provincial-park/","https://cdn.prod.website-files.com/683758b09dd1e3ac2e4e980a/68404b340b29131142ce3cf5_bronte-creek-provincial-park.jpg","missing / none","No source media file matched this tracker row.","No launch-blocking action; review after preview QA."
"safe_to_launch_with_placeholder","Dog Parks","Burgoyne Woods Leash-Free Dog Park","burgoyne-woods-park","Media","/dog-parks/burgoyne-woods-park/","https://cdn.prod.website-files.com/683758b09dd1e3ac2e4e980a/6841e52e25871381dc760c35_Burgoyne%20Woods%20dog%20Park.jpg","missing / none","No source media file matched this tracker row.","No launch-blocking action; review after preview QA."
"safe_to_launch_with_placeholder","Dog Parks","Burrard View Park","burrard-view-dog-park-vancouver","Media","/dog-parks/burrard-view-dog-park-vancouver/","https://cdn.prod.website-files.com/683758b09dd1e3ac2e4e980a/6838bf9fe489f2f6a3b7d375_dog-park-open-space-with-dog-on-grass.png","missing / none","No source media file matched this tracker row.","No launch-blocking action; review after preview QA."
"safe_to_launch_with_placeholder","Dog Parks","Cassels Avenue Playground","cassels-avenue-playground","Media","/dog-parks/cassels-avenue-playground/","https://cdn.prod.website-files.com/683758b09dd1e3ac2e4e980a/6842df1a4eaff16e4dd77650_A%20dog%20enjoying%20the%20Dogs%20Off-Leash%20Area%20at%20Cassels%20Avenue%20Playground..jpg","missing / none","No source media file matched this tracker row.","No launch-blocking action; review after preview QA."
"safe_to_launch_with_placeholder","Dog Parks","Central Park","central-park","Media","/dog-parks/central-park/","https://cdn.prod.website-files.com/683758b09dd1e3ac2e4e980a/6838bf8248d43e4eb440ee42_golden-retriever-in-forest-edge-dog-park.png","missing / none","No source media file matched this tracker row.","No launch-blocking action; review after preview QA."
"safe_to_launch_with_placeholder","Dog Parks","Charleson Park","charleson-dog-park","Media","/dog-parks/charleson-dog-park/","https://cdn.prod.website-files.com/683758b09dd1e3ac2e4e980a/6838bfb0649f9ed0a87de7c1_dog-park-daytime-with-dog-and-grassy-field.png","missing / none","No source media file matched this tracker row.","No launch-blocking action; review after preview QA."
"safe_to_launch_with_placeholder","Dog Parks","Colin Alton Parkette","colin-alton-parkette","Media","/dog-parks/colin-alton-parkette/","https://cdn.prod.website-files.com/683758b09dd1e3ac2e4e980a/683a01d98e772167f18a4d16_Colin%20Alton%20Parkette%20%E2%80%93%20Leash-Free%20Dog%20Area.png","missing / none","No source media file matched this tracker row.","No launch-blocking action; review after preview QA."
"safe_to_launch_with_placeholder","Dog Parks","Community Common","community-common","Media","/dog-parks/community-common/","https://cdn.prod.website-files.com/683758b09dd1e3ac2e4e980a/6840b325d245de2f3ad4139b_Community%20Common.jpg","missing / none","No source media file matched this tracker row.","No launch-blocking action; review after preview QA."
"safe_to_launch_with_placeholder","Dog Parks","Coopers' Park","coopers-dog-park","Media","/dog-parks/coopers-dog-park/","https://cdn.prod.website-files.com/683758b09dd1e3ac2e4e980a/6838bf6130c1a241f2ffa462_weimaraners-in-sunny-dog-park-grassy-field.png","missing / none","No source media file matched this tracker row.","No launch-blocking action; review after preview QA."
"safe_to_launch_with_placeholder","Dog Parks","Coxwell Ravine Park","coxwell-ravine-park","Media","/dog-parks/coxwell-ravine-park/","https://cdn.prod.website-files.com/683758b09dd1e3ac2e4e980a/6841f3735fe1217bd1edde3c_Coxwell%20Ravine%20Park%20(Leash-Free%20Dog%20Area","missing / none","No source media file matched this tracker row.","No launch-blocking action; review after preview QA."
"safe_to_launch_with_placeholder","Dog Parks","CRAB Park at Portside","crab-park-at-portside-dog-park","Media","/dog-parks/crab-park-at-portside-dog-park/","https://cdn.prod.website-files.com/683758b09dd1e3ac2e4e980a/6838bfcb959daf711b63b8f2_spacious-dog-park-with-trees-and-grass.jpg.png","missing / none","No source media file matched this tracker row.","No launch-blocking action; review after preview QA."
"safe_to_launch_with_placeholder","Dog Parks","Dale Hodges Park","dale-hodges-park","Media","/dog-parks/dale-hodges-park/","https://cdn.prod.website-files.com/683758b09dd1e3ac2e4e980a/683a5eb23c874a2bf97a52b0_dale-hodges-park-sign-with-dog.png","missing / none","No source media file matched this tracker row.","No launch-blocking action; review after preview QA."
"safe_to_launch_with_placeholder","Dog Parks","Deer Ridge Park","deer-ridge-park","Media","/dog-parks/deer-ridge-park/","https://cdn.prod.website-files.com/683758b09dd1e3ac2e4e980a/683b1d7300277777e67f1034_deer-ridge-off-leash-area-calgary-leash-free-dog-park.jpg","missing / none","No source media file matched this tracker row.","No launch-blocking action; review after preview QA."
"safe_to_launch_with_placeholder","Dog Parks","Devonian Harbour","devonian-harbour-dog-park","Media","/dog-parks/devonian-harbour-dog-park/","https://cdn.prod.website-files.com/683758b09dd1e3ac2e4e980a/6838bfcb959daf711b63b8f2_spacious-dog-park-with-trees-and-grass.jpg.png","missing / none","No source media file matched this tracker row.","No launch-blocking action; review after preview QA."
"safe_to_launch_with_placeholder","Dog Parks","Dusty Greenwell Park","dusty-greenwell-dog-park-vancouver","Media","/dog-parks/dusty-greenwell-dog-park-vancouver/","https://cdn.prod.website-files.com/683758b09dd1e3ac2e4e980a/6838bf9fe489f2f6a3b7d375_dog-park-open-space-with-dog-on-grass.png","missing / none","No source media file matched this tracker row.","No launch-blocking action; review after preview QA."
"safe_to_launch_with_placeholder","Dog Parks","Edworthy Park","edworthy-park","Media","/dog-parks/edworthy-park/","https://cdn.prod.website-files.com/683758b09dd1e3ac2e4e980a/683a5cabcca84f4da818e8d3_Edworthy%20Park.png","missing / none","No source media file matched this tracker row.","No launch-blocking action; review after preview QA."
"safe_to_launch_with_placeholder","Dog Parks","Emery Barnes","emery-barnes-dog-park","Media","/dog-parks/emery-barnes-dog-park/","https://cdn.prod.website-files.com/683758b09dd1e3ac2e4e980a/6838bfb0649f9ed0a87de7c1_dog-park-daytime-with-dog-and-grassy-field.png","missing / none","No source media file matched this tracker row.","No launch-blocking action; review after preview QA."
"safe_to_launch_with_placeholder","Dog Parks","Etobicoke Valley Dog Park","etobicoke-valley-dog-park","Media","/dog-parks/etobicoke-valley-dog-park/","https://cdn.prod.website-files.com/683758b09dd1e3ac2e4e980a/6840a03860a5f67a96d91b4e_Etobicoke%20Valley%20Dog%20Park.jpg","missing / none","No source media file matched this tracker row.","No launch-blocking action; review after preview QA."
"safe_to_launch_with_placeholder","Dog Parks","Everett Crowley","everett-crowley-dog-park","Media","/dog-parks/everett-crowley-dog-park/","https://cdn.prod.website-files.com/683758b09dd1e3ac2e4e980a/6838bf6da378932f0d55bef8_border-collie-in-open-grassy-dog-park.png","missing / none","No source media file matched this tracker row.","No launch-blocking action; review after preview QA."
"safe_to_launch_with_placeholder","Dog Parks","Falaise Park","falaise-park-dog-park","Media","/dog-parks/falaise-park-dog-park/","https://cdn.prod.website-files.com/683758b09dd1e3ac2e4e980a/6838bfe87efc310352d3b1de_golden-retriever-in-dog-park-open-field.jpg.png","missing / none","No source media file matched this tracker row.","No launch-blocking action; review after preview QA."
"safe_to_launch_with_placeholder","Dog Parks","Falaise Park","falaise-dog-park","Media","/dog-parks/falaise-park-dog-park/","https://cdn.prod.website-files.com/683758b09dd1e3ac2e4e980a/6838bf9fe489f2f6a3b7d375_dog-park-open-space-with-dog-on-grass.png","missing / none","No source media file matched this tracker row.","No launch-blocking action; review after preview QA."
"safe_to_launch_with_placeholder","Dog Parks","Falaise Park","falaise-dog-park-vancouver","Media","/dog-parks/falaise-park-dog-park/","https://cdn.prod.website-files.com/683758b09dd1e3ac2e4e980a/6838bf8248d43e4eb440ee42_golden-retriever-in-forest-edge-dog-park.png","missing / none","No source media file matched this tracker row.","No launch-blocking action; review after preview QA."
"safe_to_launch_with_placeholder","Dog Parks","Fraser River Park","fraser-river-dog-park","Media","/dog-parks/fraser-river-dog-park/","https://cdn.prod.website-files.com/683758b09dd1e3ac2e4e980a/6838bfb0649f9ed0a87de7c1_dog-park-daytime-with-dog-and-grassy-field.png","missing / none","No source media file matched this tracker row.","No launch-blocking action; review after preview QA."
"safe_to_launch_with_placeholder","Dog Parks","Fraserview Golf Course","fraserview-golf-course-vancouver","Media","/dog-parks/fraserview-golf-course-vancouver/","https://cdn.prod.website-files.com/683758b09dd1e3ac2e4e980a/6838bfb0649f9ed0a87de7c1_dog-park-daytime-with-dog-and-grassy-field.png","missing / none","No source media file matched this tracker row.","No launch-blocking action; review after preview QA."
"safe_to_launch_with_placeholder","Dog Parks","Garnetwood Park","garnetwood-park","Media","/dog-parks/garnetwood-park/","https://cdn.prod.website-files.com/683758b09dd1e3ac2e4e980a/6840b38a22145b4d4d0b563f_Garnetwood%20Park.jpg","missing / none","No source media file matched this tracker row.","No launch-blocking action; review after preview QA."
"safe_to_launch_with_placeholder","Dog Parks","George Park","george-dog-park-vancouver","Media","/dog-parks/george-dog-park-vancouver/","https://cdn.prod.website-files.com/683758b09dd1e3ac2e4e980a/6838bf905e0c4fbbb9bdd02a_dog-park-pathway-with-dog-and-trees.png","missing / none","No source media file matched this tracker row.","No launch-blocking action; review after preview QA."
"safe_to_launch_with_placeholder","Dog Parks","Gerrard - Carlaw Parkette","gerrard-carlaw-parkette","Media","/dog-parks/gerrard-carlaw-parkette/","https://cdn.prod.website-files.com/683758b09dd1e3ac2e4e980a/68432da8127fac1916644dbc_Parkland%20at%20Gerrard%20-%20Carlaw%20Parkette.jpg","missing / none","No source media file matched this tracker row.","No launch-blocking action; review after preview QA."
"safe_to_launch_with_placeholder","Dog Parks","Glenashton Park","glenashton-park","Media","/dog-parks/glenashton-park/","https://cdn.prod.website-files.com/683758b09dd1e3ac2e4e980a/684045e99232f0bf0d68412f_glenashton-park.jpg","missing / none","No source media file matched this tracker row.","No launch-blocking action; review after preview QA."
"safe_to_launch_with_placeholder","Dog Parks","Hadden Park","hadden-dog-park","Media","/dog-parks/hadden-dog-park/","https://cdn.prod.website-files.com/683758b09dd1e3ac2e4e980a/6838bfcb959daf711b63b8f2_spacious-dog-park-with-trees-and-grass.jpg.png","missing / none","No source media file matched this tracker row.","No launch-blocking action; review after preview QA."
"safe_to_launch_with_placeholder","Dog Parks","Hidden Valley Park","hidden-valley-park","Media","/dog-parks/hidden-valley-park/","https://cdn.prod.website-files.com/683758b09dd1e3ac2e4e980a/683a035efa039308d622d1c1_Hidden%20Valley%20Park%20%E2%80%93%20Leash-Free%20Dog%20Area.png","missing / none","No source media file matched this tracker row.","No launch-blocking action; review after preview QA."
"safe_to_launch_with_placeholder","Dog Parks","Hinge Park (Southeast False Creek)","hinge-park-dog-park","Media","/dog-parks/hinge-park-dog-park/","https://cdn.prod.website-files.com/683758b09dd1e3ac2e4e980a/6838bf8248d43e4eb440ee42_golden-retriever-in-forest-edge-dog-park.png","missing / none","No source media file matched this tracker row.","No launch-blocking action; review after preview QA."
"safe_to_launch_with_placeholder","Dog Parks","Jack Darling Park","jack-darling-park","Media","/dog-parks/jack-darling-park/","https://cdn.prod.website-files.com/683758b09dd1e3ac2e4e980a/6840b47548f617dd5169f00b_Jack%20Darling%20Memorial%20Dog%20Park.jpg","missing / none","No source media file matched this tracker row.","No launch-blocking action; review after preview QA."
"safe_to_launch_with_placeholder","Dog Parks","John Hendry","john-hendry-dog-park","Media","/dog-parks/john-hendry-dog-park/","https://cdn.prod.website-files.com/683758b09dd1e3ac2e4e980a/6838bfe87efc310352d3b1de_golden-retriever-in-dog-park-open-field.jpg.png","missing / none","No source media file matched this tracker row.","No launch-blocking action; review after preview QA."
"safe_to_launch_with_placeholder","Dog Parks","Jones Park","jones-dog-park-vancouver","Media","/dog-parks/jones-dog-park-vancouver/","https://cdn.prod.website-files.com/683758b09dd1e3ac2e4e980a/6838bf6da378932f0d55bef8_border-collie-in-open-grassy-dog-park.png","missing / none","No source media file matched this tracker row.","No launch-blocking action; review after preview QA."
"safe_to_launch_with_placeholder","Dog Parks","Killarney Park","killarney-park-dog-park","Media","/dog-parks/killarney-park-dog-park/","https://cdn.prod.website-files.com/683758b09dd1e3ac2e4e980a/6838bf8248d43e4eb440ee42_golden-retriever-in-forest-edge-dog-park.png","missing / none","No source media file matched this tracker row.","No launch-blocking action; review after preview QA."
"safe_to_launch_with_placeholder","Dog Parks","King Road","king-road","Media","/dog-parks/king-road/","https://cdn.prod.website-files.com/683758b09dd1e3ac2e4e980a/684096b18e8413c507ae722d_King%20Road%20Leash-Free%20Dog%20Park.jpg","missing / none","No source media file matched this tracker row.","No launch-blocking action; review after preview QA."
"safe_to_launch_with_placeholder","Dog Parks","Kingcrest Park","kingcrest-dog-park-vancouver","Media","/dog-parks/kingcrest-dog-park-vancouver/","https://cdn.prod.website-files.com/683758b09dd1e3ac2e4e980a/6838bfe87efc310352d3b1de_golden-retriever-in-dog-park-open-field.jpg.png","missing / none","No source media file matched this tracker row.","No launch-blocking action; review after preview QA."
"safe_to_launch_with_placeholder","Dog Parks","Kingsford Gardens","kingsford-gardens","Media","/dog-parks/kingsford-gardens/","https://cdn.prod.website-files.com/683758b09dd1e3ac2e4e980a/6840599c74e4cc86ef8305ff_Kingsford%20Gardens%20(Leash-Free%20Dog%20Area","missing / none","No source media file matched this tracker row.","No launch-blocking action; review after preview QA."
"safe_to_launch_with_placeholder","Dog Parks","Lake Bonavista Off-Leash Area","lake-bonavista","Media","/dog-parks/lake-bonavista/","https://cdn.prod.website-files.com/683758b09dd1e3ac2e4e980a/683b1b8891ec2f6888a679d6_lake-bonavista-off-leash-area-calgary-leash-free-dog-park.jpg","missing / none","No source media file matched this tracker row.","No launch-blocking action; review after preview QA."
"safe_to_launch_with_placeholder","Dog Parks","Legacy Park","legacy-park","Media","/dog-parks/legacy-park/","https://cdn.prod.website-files.com/683758b09dd1e3ac2e4e980a/683b1cf499d4134a28d42944_legacy-off-leash-area-calgary-leash-free-dog-park.jpg","missing / none","No source media file matched this tracker row.","No launch-blocking action; review after preview QA."
"safe_to_launch_with_placeholder","Dog Parks","Linkwood Lane Park","linkwood-lane-park","Media","/dog-parks/linkwood-lane-park/","https://cdn.prod.website-files.com/683758b09dd1e3ac2e4e980a/6841f1f136731e2cd913c20a_Linkwood%20Lane%20Park%20(Leash-Free%20Dog%20Area","missing / none","No source media file matched this tracker row.","No launch-blocking action; review after preview QA."
"safe_to_launch_with_placeholder","Dog Parks","Locarno Beach Park","locarno-beach-dog-park-vancouver","Media","/dog-parks/locarno-beach-dog-park-vancouver/","https://cdn.prod.website-files.com/683758b09dd1e3ac2e4e980a/6838bfdbc135317971c008bc_dog-park-urban-setting-with-people-and-dogs.jpg.png","missing / none","No source media file matched this tracker row.","No launch-blocking action; review after preview QA."
"safe_to_launch_with_placeholder","Dog Parks","Mattamy Sports Park","mattamy-sports-park","Media","/dog-parks/mattamy-sports-park/","https://cdn.prod.website-files.com/683758b09dd1e3ac2e4e980a/6840b0e999bdaee7108faf58_Mattamy%20Sports%20Park%27s%20.jpg","missing / none","No source media file matched this tracker row.","No launch-blocking action; review after preview QA."
"safe_to_launch_with_placeholder","Dog Parks","Memorial Park","memorial-park","Media","/dog-parks/memorial-park/","https://cdn.prod.website-files.com/683758b09dd1e3ac2e4e980a/68405b6ebe714937906fc5bf_Memorial%20Park.jpg","missing / none","No source media file matched this tracker row.","No launch-blocking action; review after preview QA."
"safe_to_launch_with_placeholder","Dog Parks","Merrill Bridge Road Park","merrill-bridge-road-park","Media","/dog-parks/merrill-bridge-road-park/","https://cdn.prod.website-files.com/683758b09dd1e3ac2e4e980a/6842da39f643bafba72e5f9b_Dogs%20off-leash%20area%20at%20Merrill%20Bridge%20Road%20Park.jpg","missing / none","No source media file matched this tracker row.","No launch-blocking action; review after preview QA."
"safe_to_launch_with_placeholder","Dog Parks","Musqueam Park","musqueam-dog-park-vancouver","Media","/dog-parks/musqueam-dog-park-vancouver/","https://cdn.prod.website-files.com/683758b09dd1e3ac2e4e980a/6838bfb0649f9ed0a87de7c1_dog-park-daytime-with-dog-and-grassy-field.png","missing / none","No source media file matched this tracker row.","No launch-blocking action; review after preview QA."
"safe_to_launch_with_placeholder","Dog Parks","Nat Bailey Stadium Park","nat-bailey-stadium-dog-park","Media","/dog-parks/nat-bailey-stadium-dog-park/","https://cdn.prod.website-files.com/683758b09dd1e3ac2e4e980a/6838bfb0649f9ed0a87de7c1_dog-park-daytime-with-dog-and-grassy-field.png","missing / none","No source media file matched this tracker row.","No launch-blocking action; review after preview QA."
"safe_to_launch_with_placeholder","Dog Parks","Nelson Park","nelson-dog-park","Media","/dog-parks/nelson-dog-park/","https://cdn.prod.website-files.com/683758b09dd1e3ac2e4e980a/6838bfcb959daf711b63b8f2_spacious-dog-park-with-trees-and-grass.jpg.png","missing / none","No source media file matched this tracker row.","No launch-blocking action; review after preview QA."
"safe_to_launch_with_placeholder","Dog Parks","New Brighton Park","new-brighton-dog-park-vancouver","Media","/dog-parks/new-brighton-dog-park-vancouver/","https://cdn.prod.website-files.com/683758b09dd1e3ac2e4e980a/6838bfcb959daf711b63b8f2_spacious-dog-park-with-trees-and-grass.jpg.png","missing / none","No source media file matched this tracker row.","No launch-blocking action; review after preview QA."
"safe_to_launch_with_placeholder","Dog Parks","New Brighton Park ","new-brighton-dog-park-vancouver-65262","Media","/dog-parks/new-brighton-dog-park-vancouver-65262/","https://cdn.prod.website-files.com/683758b09dd1e3ac2e4e980a/6838bf6130c1a241f2ffa462_weimaraners-in-sunny-dog-park-grassy-field.png","missing / none","No source media file matched this tracker row.","No launch-blocking action; review after preview QA."
"safe_to_launch_with_placeholder","Dog Parks","Norton Park","norton-park","Media","/dog-parks/norton-park/","https://cdn.prod.website-files.com/683758b09dd1e3ac2e4e980a/683a0441047625cebdeaa6de_Norton%20Park%20%E2%80%93%20Leash-Free%20Dog%20Area.png","missing / none","No source media file matched this tracker row.","No launch-blocking action; review after preview QA."
"safe_to_launch_with_placeholder","Dog Parks","Nose Hill Park","nose-hill-park","Media","/dog-parks/nose-hill-park/","https://cdn.prod.website-files.com/683758b09dd1e3ac2e4e980a/683a5bfde0b90cfb6b0ce67e_nose-hill-park.png","missing / none","No source media file matched this tracker row.","No launch-blocking action; review after preview QA."
"safe_to_launch_with_placeholder","Dog Parks","Oak Meadows Park","oak-meadows-dog-park","Media","/dog-parks/oak-meadows-dog-park/","https://cdn.prod.website-files.com/683758b09dd1e3ac2e4e980a/6838bf6130c1a241f2ffa462_weimaraners-in-sunny-dog-park-grassy-field.png","missing / none","No source media file matched this tracker row.","No launch-blocking action; review after preview QA."
"safe_to_launch_with_placeholder","Dog Parks","Oakcrest Parkette","oakcrest-parkette","Media","/dog-parks/oakcrest-parkette/","https://cdn.prod.website-files.com/683758b09dd1e3ac2e4e980a/6842d8165d5745ba279835ba_Oakcrest%20Parkette.jpg","missing / none","No source media file matched this tracker row.","No launch-blocking action; review after preview QA."
"safe_to_launch_with_placeholder","Dog Parks","Palermo Park","palermo-park","Media","/dog-parks/palermo-park/","https://cdn.prod.website-files.com/683758b09dd1e3ac2e4e980a/684076d71ab44f790a326243_Palermo%20Park.jpg","missing / none","No source media file matched this tracker row.","No launch-blocking action; review after preview QA."
"safe_to_launch_with_placeholder","Dog Parks","Pandora Park","pandora-dog-park-vancouver","Media","/dog-parks/pandora-dog-park-vancouver/","https://cdn.prod.website-files.com/683758b09dd1e3ac2e4e980a/6838bf6da378932f0d55bef8_border-collie-in-open-grassy-dog-park.png","missing / none","No source media file matched this tracker row.","No launch-blocking action; review after preview QA."
"safe_to_launch_with_placeholder","Dog Parks","Pathfinder Park","pathfinder-park","Media","/dog-parks/pathfinder-park/","https://cdn.prod.website-files.com/683758b09dd1e3ac2e4e980a/683a055df5ba14b9bfccd231_Pathfinder%20Park.png","missing / none","No source media file matched this tracker row.","No launch-blocking action; review after preview QA."
"safe_to_launch_with_placeholder","Dog Parks","Post Park","post-park","Media","/dog-parks/post-park/","https://cdn.prod.website-files.com/683758b09dd1e3ac2e4e980a/684079a0afaf0bcbff6abae8_post-park.jpg","missing / none","No source media file matched this tracker row.","No launch-blocking action; review after preview QA."
"safe_to_launch_with_placeholder","Dog Parks","Queen Elizabeth Park","queen-elizabeth-dog-park","Media","/dog-parks/queen-elizabeth-dog-park/","https://cdn.prod.website-files.com/683758b09dd1e3ac2e4e980a/6838bf6da378932f0d55bef8_border-collie-in-open-grassy-dog-park.png","missing / none","No source media file matched this tracker row.","No launch-blocking action; review after preview QA."
"safe_to_launch_with_placeholder","Dog Parks","Queensland Off-Leash Area","queensland-off-leash-area","Media","/dog-parks/queensland-off-leash-area/","https://cdn.prod.website-files.com/683758b09dd1e3ac2e4e980a/683b1bf500277777e67e6c35_queensland-off-leash-area-calgary-leash-free-dog-park.jpg","missing / none","No source media file matched this tracker row.","No launch-blocking action; review after preview QA."
"safe_to_launch_with_placeholder","Dog Parks","Quenippenon Meadows Leash Free Park","quenippenon-park","Media","/dog-parks/quenippenon-park/","https://cdn.prod.website-files.com/683758b09dd1e3ac2e4e980a/6840b3fd55f51e1e45c6ab08_Quenippenon%20Meadows%20Leash-Free%20Zone.jpg","missing / none","No source media file matched this tracker row.","No launch-blocking action; review after preview QA."
"safe_to_launch_with_placeholder","Dog Parks","Quilchena Park","quilchena-dog-park","Media","/dog-parks/quilchena-dog-park/","https://cdn.prod.website-files.com/683758b09dd1e3ac2e4e980a/6838bf905e0c4fbbb9bdd02a_dog-park-pathway-with-dog-and-trees.png","missing / none","No source media file matched this tracker row.","No launch-blocking action; review after preview QA."
"safe_to_launch_with_placeholder","Dog Parks","Renfrew Community Park","renfrew-community-dog-park","Media","/dog-parks/renfrew-community-dog-park/","https://cdn.prod.website-files.com/683758b09dd1e3ac2e4e980a/6838bfdbc135317971c008bc_dog-park-urban-setting-with-people-and-dogs.jpg.png","missing / none","No source media file matched this tracker row.","No launch-blocking action; review after preview QA."
"safe_to_launch_with_placeholder","Dog Parks","Roly Bird Park","roly-bird-park","Media","/dog-parks/roly-bird-park/","https://cdn.prod.website-files.com/683758b09dd1e3ac2e4e980a/683a06353c1b5af014f731c6_Roly%20Bird%20Park%20%E2%80%93%20Leash-Free%20Dog%20Area.png","missing / none","No source media file matched this tracker row.","No launch-blocking action; review after preview QA."
"safe_to_launch_with_placeholder","Dog Parks","Sandy Bruce Park","sandy-bruce-park","Media","/dog-parks/sandy-bruce-park/","https://cdn.prod.website-files.com/683758b09dd1e3ac2e4e980a/6842e1d3c55e0c5c2669d752_Sandy%20Bruce%20Park.jpg","missing / none","No source media file matched this tracker row.","No launch-blocking action; review after preview QA."
"safe_to_launch_with_placeholder","Dog Parks","Seton Off-Leash Area","seton-off-leash-area","Media","/dog-parks/seton-off-leash-area/","https://cdn.prod.website-files.com/683758b09dd1e3ac2e4e980a/683b1c43a11eceb6869e9282_seton-off-leash-area-calgary-leash-free-dog-park.jpg","missing / none","No source media file matched this tracker row.","No launch-blocking action; review after preview QA."
"safe_to_launch_with_placeholder","Dog Parks","Shell Dog Park","shell-dog-park","Media","/dog-parks/shell-dog-park/","https://cdn.prod.website-files.com/683758b09dd1e3ac2e4e980a/68407b11ec421a44b2fdfbc9_Shell%20Dog%20Park.jpg","missing / none","No source media file matched this tracker row.","No launch-blocking action; review after preview QA."
"safe_to_launch_with_placeholder","Dog Parks","Sherwood Park","sherwood-park","Media","/dog-parks/sherwood-park/","https://cdn.prod.website-files.com/683758b09dd1e3ac2e4e980a/6842e3a7bb02af480fcc825c_Walking%20trails%20in%20Sherwood%20Park.jpg","missing / none","No source media file matched this tracker row.","No launch-blocking action; review after preview QA."
"safe_to_launch_with_placeholder","Dog Parks","Sixteen Mile Sports Complex","sixteen-mile-sports-complex","Media","/dog-parks/sixteen-mile-sports-complex/","https://cdn.prod.website-files.com/683758b09dd1e3ac2e4e980a/68405db71d5f8193ff7f7474_Sixteen%20Mile%20Sports%20Complex.jpg","missing / none","No source media file matched this tracker row.","No launch-blocking action; review after preview QA."
"safe_to_launch_with_placeholder","Dog Parks","Spanish Banks Park","spanish-banks-dog-park-vancouver","Media","/dog-parks/spanish-banks-dog-park-vancouver/","https://cdn.prod.website-files.com/683758b09dd1e3ac2e4e980a/6838bf9fe489f2f6a3b7d375_dog-park-open-space-with-dog-on-grass.png","missing / none","No source media file matched this tracker row.","No launch-blocking action; review after preview QA."
"safe_to_launch_with_placeholder","Dog Parks","Sparwood Park","sparwood-dog-park-vancouver","Media","/dog-parks/sparwood-dog-park-vancouver/","https://cdn.prod.website-files.com/683758b09dd1e3ac2e4e980a/6838bf8248d43e4eb440ee42_golden-retriever-in-forest-edge-dog-park.png","missing / none","No source media file matched this tracker row.","No launch-blocking action; review after preview QA."
"safe_to_launch_with_placeholder","Dog Parks","Stan Wadlow Park","stan-wadlow-park","Media","/dog-parks/stan-wadlow-park/","https://cdn.prod.website-files.com/683758b09dd1e3ac2e4e980a/6841f489e2c5bec6942da7fb_Stan%20Wadlow%20Park%20Leash%20Free.jpg","missing / none","No source media file matched this tracker row.","No launch-blocking action; review after preview QA."
"safe_to_launch_with_placeholder","Dog Parks","Stanley Park","stanley-dog-park","Media","/dog-parks/stanley-dog-park/","https://cdn.prod.website-files.com/683758b09dd1e3ac2e4e980a/6838bf905e0c4fbbb9bdd02a_dog-park-pathway-with-dog-and-trees.png","missing / none","No source media file matched this tracker row.","No launch-blocking action; review after preview QA."
"safe_to_launch_with_placeholder","Dog Parks","Strathcona Park","strathcona-dog-park","Media","/dog-parks/strathcona-dog-park/","https://cdn.prod.website-files.com/683758b09dd1e3ac2e4e980a/6838bf8248d43e4eb440ee42_golden-retriever-in-forest-edge-dog-park.png","missing / none","No source media file matched this tracker row.","No launch-blocking action; review after preview QA."
"safe_to_launch_with_placeholder","Dog Parks","Sunrise Park","sunrise-dog-park-vancouver","Media","/dog-parks/sunrise-dog-park-vancouver/","https://cdn.prod.website-files.com/683758b09dd1e3ac2e4e980a/6838bf6130c1a241f2ffa462_weimaraners-in-sunny-dog-park-grassy-field.png","missing / none","No source media file matched this tracker row.","No launch-blocking action; review after preview QA."
"safe_to_launch_with_placeholder","Dog Parks","Sunset Beach","sunset-beach-dog-park","Media","/dog-parks/sunset-beach-dog-park/","https://cdn.prod.website-files.com/683758b09dd1e3ac2e4e980a/6838bf905e0c4fbbb9bdd02a_dog-park-pathway-with-dog-and-trees.png","missing / none","No source media file matched this tracker row.","No launch-blocking action; review after preview QA."
"safe_to_launch_with_placeholder","Dog Parks","Sunset Park","sunset-dog-park-vancouver","Media","/dog-parks/sunset-dog-park-vancouver/","https://cdn.prod.website-files.com/683758b09dd1e3ac2e4e980a/6838bf905e0c4fbbb9bdd02a_dog-park-pathway-with-dog-and-trees.png","missing / none","No source media file matched this tracker row.","No launch-blocking action; review after preview QA."
"safe_to_launch_with_placeholder","Dog Parks","Tecumseh Park","tecumseh-dog-park","Media","/dog-parks/tecumseh-dog-park/","https://cdn.prod.website-files.com/683758b09dd1e3ac2e4e980a/6838bf6130c1a241f2ffa462_weimaraners-in-sunny-dog-park-grassy-field.png","missing / none","No source media file matched this tracker row.","No launch-blocking action; review after preview QA."
"safe_to_launch_with_placeholder","Dog Parks","Totoredaca Dog Park","totoredaca-dog-park","Media","/dog-parks/totoredaca-dog-park/","https://cdn.prod.website-files.com/683758b09dd1e3ac2e4e980a/6840b268d245de2f3ad3a732_Totoredaca%20Dog%20Park.jpg","missing / none","No source media file matched this tracker row.","No launch-blocking action; review after preview QA."
"safe_to_launch_with_placeholder","Dog Parks","Valdez Park","valdez-dog-park","Media","/dog-parks/valdez-dog-park/","https://cdn.prod.website-files.com/683758b09dd1e3ac2e4e980a/6838bf6da378932f0d55bef8_border-collie-in-open-grassy-dog-park.png","missing / none","No source media file matched this tracker row.","No launch-blocking action; review after preview QA."
"safe_to_launch_with_placeholder","Dog Parks","Varsity Estates Park","varsity-estates-park","Media","/dog-parks/varsity-estates-park/","https://cdn.prod.website-files.com/683758b09dd1e3ac2e4e980a/683a5e1c8e482b390ba3cfc4_varsity-estates-park-sign.png","missing / none","No source media file matched this tracker row.","No launch-blocking action; review after preview QA."
"safe_to_launch_with_placeholder","Dog Parks","Warden Woods","warden-woods","Media","/dog-parks/warden-woods/","https://cdn.prod.website-files.com/683758b09dd1e3ac2e4e980a/6842d5f9f643bafba72bb0ff_Warden%20Woods%20Park.jpg","missing / none","No source media file matched this tracker row.","No launch-blocking action; review after preview QA."
"safe_to_launch_with_placeholder","Dog Parks","Wildwood Crescent Playground","wildwood-crescent-playground","Media","/dog-parks/wildwood-crescent-playground/","https://cdn.prod.website-files.com/683758b09dd1e3ac2e4e980a/6842dd15f643bafba730128c_Wildwood%20Crescent%20Playground%20dogs%20off-leash%20area.jpg","missing / none","No source media file matched this tracker row.","No launch-blocking action; review after preview QA."
"duplicate_or_optional","Blog Posts","Average Vet Costs in Canada","average-vet-costs-in-canada","Rich Text Body","/blog/average-vet-costs-in-canada/","https://www.canadianveterinarians.net","missing / none","No source media file matched this tracker row.","No launch-blocking action; review after preview QA."
"duplicate_or_optional","Blog Posts","Average Vet Costs in Canada","average-vet-costs-in-canada","Rich Text Body","/blog/average-vet-costs-in-canada/","https://ovc.uoguelph.ca","missing / none","No source media file matched this tracker row.","No launch-blocking action; review after preview QA."
"duplicate_or_optional","Blog Posts","Average Vet Costs in Canada","average-vet-costs-in-canada","Rich Text Body","/blog/average-vet-costs-in-canada/","https://trupanion.com/canada","missing / none","No source media file matched this tracker row.","No launch-blocking action; review after preview QA."
"duplicate_or_optional","Blog Posts","Average Vet Costs in Canada","average-vet-costs-in-canada","Rich Text Body","/blog/average-vet-costs-in-canada/","https://www.statista.com","missing / none","No source media file matched this tracker row.","No launch-blocking action; review after preview QA."
"duplicate_or_optional","Blog Posts","Best Dog Leashes for Hiking in Canada: Tested on Trails","best-dog-leashes-for-hiking-in-canada","Rich Text Body","/blog/best-dog-leashes-for-hiking-in-canada/","https://rockymountaindog.ca/?ref=ladlcphb","missing / none","No source media file matched this tracker row.","No launch-blocking action; review after preview QA."
"duplicate_or_optional","Blog Posts","Best Dog Leashes for Hiking in Canada: Tested on Trails","best-dog-leashes-for-hiking-in-canada","Rich Text Body","/blog/best-dog-leashes-for-hiking-in-canada/","https://rockymountaindog.ca/?ref=ladlcphb","missing / none","No source media file matched this tracker row.","No launch-blocking action; review after preview QA."
"duplicate_or_optional","Blog Posts","Best Dogs for Apartment Living in Canada","best-dogs-for-apartment-living-in-canada","Rich Text Body","/blog/best-dogs-for-apartment-living-in-canada/","https://leashfree.ca/dog-breeds/cavalier-king-charles-spaniel","missing / none","No source media file matched this tracker row.","No launch-blocking action; review after preview QA."
"duplicate_or_optional","Blog Posts","Best Dogs for Apartment Living in Canada","best-dogs-for-apartment-living-in-canada","Rich Text Body","/blog/best-dogs-for-apartment-living-in-canada/","https://leashfree.ca/dog-breeds/havanese","missing / none","No source media file matched this tracker row.","No launch-blocking action; review after preview QA."
"duplicate_or_optional","Blog Posts","Best Dogs for Apartment Living in Canada","best-dogs-for-apartment-living-in-canada","Rich Text Body","/blog/best-dogs-for-apartment-living-in-canada/","https://leashfree.ca/dog-breeds/french-bulldog","missing / none","No source media file matched this tracker row.","No launch-blocking action; review after preview QA."
"duplicate_or_optional","Blog Posts","Best Dogs for Apartment Living in Canada","best-dogs-for-apartment-living-in-canada","Rich Text Body","/blog/best-dogs-for-apartment-living-in-canada/","https://leashfree.ca/dog-breeds/shih-tzu","missing / none","No source media file matched this tracker row.","No launch-blocking action; review after preview QA."
"duplicate_or_optional","Blog Posts","Best Dogs for Apartment Living in Canada","best-dogs-for-apartment-living-in-canada","Rich Text Body","/blog/best-dogs-for-apartment-living-in-canada/","https://leashfree.ca/dog-breeds/cocker-spaniel","missing / none","No source media file matched this tracker row.","No launch-blocking action; review after preview QA."
"duplicate_or_optional","Blog Posts","Best Dogs for Apartment Living in Canada","best-dogs-for-apartment-living-in-canada","Rich Text Body","/blog/best-dogs-for-apartment-living-in-canada/","https://leashfree.ca/dog-breeds/basset-hound","missing / none","No source media file matched this tracker row.","No launch-blocking action; review after preview QA."
"duplicate_or_optional","Blog Posts","Best Dogs for Apartment Living in Canada","best-dogs-for-apartment-living-in-canada","Rich Text Body","/blog/best-dogs-for-apartment-living-in-canada/","https://leashfree.ca/dog-breeds/whippet","missing / none","No source media file matched this tracker row.","No launch-blocking action; review after preview QA."
"duplicate_or_optional","Blog Posts","Best Dogs for Apartment Living in Canada","best-dogs-for-apartment-living-in-canada","Rich Text Body","/blog/best-dogs-for-apartment-living-in-canada/","https://leashfree.ca/dog-breeds/miniature-schnauzer","missing / none","No source media file matched this tracker row.","No launch-blocking action; review after preview QA."
"duplicate_or_optional","Blog Posts","Best Dogs for Apartment Living in Canada","best-dogs-for-apartment-living-in-canada","Rich Text Body","/blog/best-dogs-for-apartment-living-in-canada/","https://leashfree.ca/dog-breeds/cavapoo","missing / none","No source media file matched this tracker row.","No launch-blocking action; review after preview QA."
"duplicate_or_optional","Blog Posts","Best Dogs for Apartment Living in Canada","best-dogs-for-apartment-living-in-canada","Rich Text Body","/blog/best-dogs-for-apartment-living-in-canada/","https://leashfree.ca/dog-breeds/maltipoo","missing / none","No source media file matched this tracker row.","No launch-blocking action; review after preview QA."
"duplicate_or_optional","Blog Posts","Best Dogs for Apartment Living in Canada","best-dogs-for-apartment-living-in-canada","Rich Text Body","/blog/best-dogs-for-apartment-living-in-canada/","https://leashfree.ca/dog-breeds/labradoodle","missing / none","No source media file matched this tracker row.","No launch-blocking action; review after preview QA."
"duplicate_or_optional","Blog Posts","Best Dogs for Apartment Living in Canada","best-dogs-for-apartment-living-in-canada","Rich Text Body","/blog/best-dogs-for-apartment-living-in-canada/","https://leashfree.ca/dog-breeds/havapoo-poovanese","missing / none","No source media file matched this tracker row.","No launch-blocking action; review after preview QA."
"duplicate_or_optional","Blog Posts","Best Dogs for Apartment Living in Canada","best-dogs-for-apartment-living-in-canada","Rich Text Body","/blog/best-dogs-for-apartment-living-in-canada/","https://leashfree.ca/dog-breeds/basenji","missing / none","No source media file matched this tracker row.","No launch-blocking action; review after preview QA."
"duplicate_or_optional","Blog Posts","Best Dogs for Apartment Living in Canada","best-dogs-for-apartment-living-in-canada","Rich Text Body","/blog/best-dogs-for-apartment-living-in-canada/","https://leashfree.ca/dog-breeds/greyhound","missing / none","No source media file matched this tracker row.","No launch-blocking action; review after preview QA."
"duplicate_or_optional","Blog Posts","Best Dogs for Apartment Living in Canada","best-dogs-for-apartment-living-in-canada","Rich Text Body","/blog/best-dogs-for-apartment-living-in-canada/","https://leashfree.ca/dog-breeds/bugg-pugston","missing / none","No source media file matched this tracker row.","No launch-blocking action; review after preview QA."
"duplicate_or_optional","Blog Posts","Best Dogs for Apartment Living in Canada","best-dogs-for-apartment-living-in-canada","Rich Text Body","/blog/best-dogs-for-apartment-living-in-canada/","https://leashfree.ca/dog-breeds/chow-chow","missing / none","No source media file matched this tracker row.","No launch-blocking action; review after preview QA."
"duplicate_or_optional","Blog Posts","Best Dogs for Apartment Living in Canada","best-dogs-for-apartment-living-in-canada","Rich Text Body","/blog/best-dogs-for-apartment-living-in-canada/","https://leashfree.ca/breed-groups/non-sporting-dogs","missing / none","No source media file matched this tracker row.","No launch-blocking action; review after preview QA."
"duplicate_or_optional","Blog Posts","Best Family Dogs in Canada","best-family-dogs-in-canada","Rich Text Body","/blog/best-family-dogs-in-canada/","https://leashfree.ca/dog-breeds/labrador-retriever","missing / none","No source media file matched this tracker row.","No launch-blocking action; review after preview QA."
"duplicate_or_optional","Blog Posts","Best Family Dogs in Canada","best-family-dogs-in-canada","Rich Text Body","/blog/best-family-dogs-in-canada/","https://leashfree.ca/dog-names/golden-retriever-dog-names","missing / none","No source media file matched this tracker row.","No launch-blocking action; review after preview QA."
"duplicate_or_optional","Blog Posts","Best Family Dogs in Canada","best-family-dogs-in-canada","Rich Text Body","/blog/best-family-dogs-in-canada/","https://leashfree.ca/dog-breeds/nova-scotia-duck-tolling-retriever","missing / none","No source media file matched this tracker row.","No launch-blocking action; review after preview QA."
"duplicate_or_optional","Blog Posts","Best Family Dogs in Canada","best-family-dogs-in-canada","Rich Text Body","/blog/best-family-dogs-in-canada/","https://leashfree.ca/dog-breeds/bernese-mountain-dog","missing / none","No source media file matched this tracker row.","No launch-blocking action; review after preview QA."
"duplicate_or_optional","Blog Posts","Best Family Dogs in Canada","best-family-dogs-in-canada","Rich Text Body","/blog/best-family-dogs-in-canada/","https://leashfree.ca/dog-breeds/boxer","missing / none","No source media file matched this tracker row.","No launch-blocking action; review after preview QA."
"duplicate_or_optional","Blog Posts","Best Family Dogs in Canada","best-family-dogs-in-canada","Rich Text Body","/blog/best-family-dogs-in-canada/","https://leashfree.ca/dog-breeds/newfoundland","missing / none","No source media file matched this tracker row.","No launch-blocking action; review after preview QA."
"duplicate_or_optional","Blog Posts","Best Family Dogs in Canada","best-family-dogs-in-canada","Rich Text Body","/blog/best-family-dogs-in-canada/","https://leashfree.ca/dog-breeds/australian-shepherd","missing / none","No source media file matched this tracker row.","No launch-blocking action; review after preview QA."
"duplicate_or_optional","Blog Posts","Best Family Dogs in Canada","best-family-dogs-in-canada","Rich Text Body","/blog/best-family-dogs-in-canada/","https://leashfree.ca/dog-breeds/border-collie","missing / none","No source media file matched this tracker row.","No launch-blocking action; review after preview QA."
"duplicate_or_optional","Blog Posts","Best Family Dogs in Canada","best-family-dogs-in-canada","Rich Text Body","/blog/best-family-dogs-in-canada/","https://leashfree.ca/dog-breeds/shetland-sheepdog","missing / none","No source media file matched this tracker row.","No launch-blocking action; review after preview QA."
"duplicate_or_optional","Blog Posts","Best Family Dogs in Canada","best-family-dogs-in-canada","Rich Text Body","/blog/best-family-dogs-in-canada/","https://leashfree.ca/dog-breeds/beagle","missing / none","No source media file matched this tracker row.","No launch-blocking action; review after preview QA."
"duplicate_or_optional","Blog Posts","Best Family Dogs in Canada","best-family-dogs-in-canada","Rich Text Body","/blog/best-family-dogs-in-canada/","https://leashfree.ca/dog-breeds/basset-hound","missing / none","No source media file matched this tracker row.","No launch-blocking action; review after preview QA."
"duplicate_or_optional","Blog Posts","Best Family Dogs in Canada","best-family-dogs-in-canada","Rich Text Body","/blog/best-family-dogs-in-canada/","https://leashfree.ca/dog-breeds/whippet","missing / none","No source media file matched this tracker row.","No launch-blocking action; review after preview QA."
"duplicate_or_optional","Blog Posts","Best Family Dogs in Canada","best-family-dogs-in-canada","Rich Text Body","/blog/best-family-dogs-in-canada/","https://leashfree.ca/dog-breeds/cavalier-king-charles-spaniel","missing / none","No source media file matched this tracker row.","No launch-blocking action; review after preview QA."
"duplicate_or_optional","Blog Posts","Best Family Dogs in Canada","best-family-dogs-in-canada","Rich Text Body","/blog/best-family-dogs-in-canada/","https://leashfree.ca/dog-breeds/havanese","missing / none","No source media file matched this tracker row.","No launch-blocking action; review after preview QA."
"duplicate_or_optional","Blog Posts","Best Family Dogs in Canada","best-family-dogs-in-canada","Rich Text Body","/blog/best-family-dogs-in-canada/","https://leashfree.ca/dog-breeds/maltese","missing / none","No source media file matched this tracker row.","No launch-blocking action; review after preview QA."
"duplicate_or_optional","Blog Posts","Best Family Dogs in Canada","best-family-dogs-in-canada","Rich Text Body","/blog/best-family-dogs-in-canada/","https://leashfree.ca/dog-breeds/goldendoodle","missing / none","No source media file matched this tracker row.","No launch-blocking action; review after preview QA."
"duplicate_or_optional","Blog Posts","Best Family Dogs in Canada","best-family-dogs-in-canada","Rich Text Body","/blog/best-family-dogs-in-canada/","https://leashfree.ca/dog-breeds/labradoodle","missing / none","No source media file matched this tracker row.","No launch-blocking action; review after preview QA."
"duplicate_or_optional","Blog Posts","Best Family Dogs in Canada","best-family-dogs-in-canada","Rich Text Body","/blog/best-family-dogs-in-canada/","https://leashfree.ca/dog-breeds/cavapoo","missing / none","No source media file matched this tracker row.","No launch-blocking action; review after preview QA."
"duplicate_or_optional","Blog Posts","Best Fresh Dog Food for Labrador Retrievers in Canada","best-fresh-dog-food-for-labrador-retrievers-in-canada","Rich Text Body","/blog/best-fresh-dog-food-for-labrador-retrievers-in-canada/","https://www.nutricanine.ca/LeashFree","missing / none","No source media file matched this tracker row.","No launch-blocking action; review after preview QA."
"duplicate_or_optional","Blog Posts","Best Fresh Dog Food for Labrador Retrievers in Canada","best-fresh-dog-food-for-labrador-retrievers-in-canada","Rich Text Body","/blog/best-fresh-dog-food-for-labrador-retrievers-in-canada/","https://www.nutricanine.ca/LeashFree</a></p><h3","missing / none","No source media file matched this tracker row.","No launch-blocking action; review after preview QA."
"duplicate_or_optional","Blog Posts","Best Fresh Dog Food for Labrador Retrievers in Canada","best-fresh-dog-food-for-labrador-retrievers-in-canada","Rich Text Body","/blog/best-fresh-dog-food-for-labrador-retrievers-in-canada/","https://leashfree.ca/ontario-dog-parks","missing / none","No source media file matched this tracker row.","No launch-blocking action; review after preview QA."
"duplicate_or_optional","Blog Posts","Best Fresh Dog Food for Labrador Retrievers in Canada","best-fresh-dog-food-for-labrador-retrievers-in-canada","Rich Text Body","/blog/best-fresh-dog-food-for-labrador-retrievers-in-canada/","https://www.nutricanine.ca/LeashFree","missing / none","No source media file matched this tracker row.","No launch-blocking action; review after preview QA."
"duplicate_or_optional","Blog Posts","Best Hypoallergenic Dog Breeds for Canadian Families","best-hypoallergenic-dog-breeds-canadian-families","Rich Text Body","/blog/best-hypoallergenic-dog-breeds-canadian-families/","https://leashfree.ca/dog-breeds/poodle","missing / none","No source media file matched this tracker row.","No launch-blocking action; review after preview QA."
"duplicate_or_optional","Blog Posts","Best Hypoallergenic Dog Breeds for Canadian Families","best-hypoallergenic-dog-breeds-canadian-families","Rich Text Body","/blog/best-hypoallergenic-dog-breeds-canadian-families/","https://leashfree.ca/dog-breeds/bichon-frise","missing / none","No source media file matched this tracker row.","No launch-blocking action; review after preview QA."
"duplicate_or_optional","Blog Posts","Best Hypoallergenic Dog Breeds for Canadian Families","best-hypoallergenic-dog-breeds-canadian-families","Rich Text Body","/blog/best-hypoallergenic-dog-breeds-canadian-families/","https://leashfree.ca/dog-names/portuguese-water-dog-dog-names","missing / none","No source media file matched this tracker row.","No launch-blocking action; review after preview QA."
"duplicate_or_optional","Blog Posts","Best Hypoallergenic Dog Breeds for Canadian Families","best-hypoallergenic-dog-breeds-canadian-families","Rich Text Body","/blog/best-hypoallergenic-dog-breeds-canadian-families/","https://leashfree.ca/dog-breeds/miniature-schnauzer","missing / none","No source media file matched this tracker row.","No launch-blocking action; review after preview QA."
"duplicate_or_optional","Blog Posts","Best Hypoallergenic Dog Breeds for Canadian Families","best-hypoallergenic-dog-breeds-canadian-families","Rich Text Body","/blog/best-hypoallergenic-dog-breeds-canadian-families/","https://leashfree.ca/dog-breeds/maltese","missing / none","No source media file matched this tracker row.","No launch-blocking action; review after preview QA."
"duplicate_or_optional","Blog Posts","Best Hypoallergenic Dog Breeds for Canadian Families","best-hypoallergenic-dog-breeds-canadian-families","Rich Text Body","/blog/best-hypoallergenic-dog-breeds-canadian-families/","https://leashfree.ca/dog-breeds/soft-coated-wheaten-terrier","missing / none","No source media file matched this tracker row.","No launch-blocking action; review after preview QA."
"duplicate_or_optional","Blog Posts","Best Hypoallergenic Dog Breeds for Canadian Families","best-hypoallergenic-dog-breeds-canadian-families","Rich Text Body","/blog/best-hypoallergenic-dog-breeds-canadian-families/","https://leashfree.ca/dog-breeds/lagotto-romagnolo","missing / none","No source media file matched this tracker row.","No launch-blocking action; review after preview QA."
"duplicate_or_optional","Blog Posts","Crate Training 101","crate-training-101-puppy-guide","Rich Text Body","/blog/crate-training-101-puppy-guide/","https://leashfree.ca/blog/dealing-with-separation-anxiety-in-dogs","missing / none","No source media file matched this tracker row.","No launch-blocking action; review after preview QA."
"duplicate_or_optional","Blog Posts","Dealing with Separation Anxiety in Dogs","dealing-with-separation-anxiety-in-dogs","Rich Text Body","/blog/dealing-with-separation-anxiety-in-dogs/","https://pmc.ncbi.nlm.nih.gov/articles/PMC7521022","missing / none","No source media file matched this tracker row.","No launch-blocking action; review after preview QA."
"duplicate_or_optional","Blog Posts","Dealing with Separation Anxiety in Dogs","dealing-with-separation-anxiety-in-dogs","Rich Text Body","/blog/dealing-with-separation-anxiety-in-dogs/","https://www.sciencedirect.com/science/article/abs/pii/S0168159110002923","missing / none","No source media file matched this tracker row.","No launch-blocking action; review after preview QA."
"duplicate_or_optional","Blog Posts","Dealing with Separation Anxiety in Dogs","dealing-with-separation-anxiety-in-dogs","Rich Text Body","/blog/dealing-with-separation-anxiety-in-dogs/","https://www.aaha.org/wp-content/uploads/globalassets/02-guidelines/behavior-management/2015_aaha_canine_and_feline_behavior_management_guidelines_final.pdf","missing / none","No source media file matched this tracker row.","No launch-blocking action; review after preview QA."
"duplicate_or_optional","Blog Posts","Dealing with Separation Anxiety in Dogs","dealing-with-separation-anxiety-in-dogs","Rich Text Body","/blog/dealing-with-separation-anxiety-in-dogs/","https://youtu.be/BmVSLqCh-RI?si=ZXEz0vAIyIzcSiQw","missing / none","No source media file matched this tracker row.","No launch-blocking action; review after preview QA."
"duplicate_or_optional","Blog Posts","Dealing with Separation Anxiety in Dogs","dealing-with-separation-anxiety-in-dogs","Rich Text Body","/blog/dealing-with-separation-anxiety-in-dogs/","https://www.youtube.com/embed/BmVSLqCh-RI","missing / none","No source media file matched this tracker row.","No launch-blocking action; review after preview QA."
"duplicate_or_optional","Blog Posts","Dealing with Separation Anxiety in Dogs","dealing-with-separation-anxiety-in-dogs","Rich Text Body","/blog/dealing-with-separation-anxiety-in-dogs/","https://youtu.be/JWopd1m6_h0?si=SLqsPaaYvu5h5ubH","missing / none","No source media file matched this tracker row.","No launch-blocking action; review after preview QA."
"duplicate_or_optional","Blog Posts","Dealing with Separation Anxiety in Dogs","dealing-with-separation-anxiety-in-dogs","Rich Text Body","/blog/dealing-with-separation-anxiety-in-dogs/","https://www.youtube.com/embed/JWopd1m6_h0","missing / none","No source media file matched this tracker row.","No launch-blocking action; review after preview QA."
"duplicate_or_optional","Blog Posts","Dealing with Separation Anxiety in Dogs","dealing-with-separation-anxiety-in-dogs","Rich Text Body","/blog/dealing-with-separation-anxiety-in-dogs/","https://youtu.be/jbYYyESCvcA?si=Sqg-M2yxGFFdDafX","missing / none","No source media file matched this tracker row.","No launch-blocking action; review after preview QA."
"duplicate_or_optional","Blog Posts","Dealing with Separation Anxiety in Dogs","dealing-with-separation-anxiety-in-dogs","Rich Text Body","/blog/dealing-with-separation-anxiety-in-dogs/","https://www.youtube.com/embed/jbYYyESCvcA","missing / none","No source media file matched this tracker row.","No launch-blocking action; review after preview QA."
"duplicate_or_optional","Blog Posts","DIY Dog Halloween Costumes You Can Make at Home","diy-halloween-dog-costumes","Rich Text Body","/blog/diy-halloween-dog-costumes/","https://leashfree.ca/dog-breeds/beagle","missing / none","No source media file matched this tracker row.","No launch-blocking action; review after preview QA."
"duplicate_or_optional","Blog Posts","DIY Dog Halloween Costumes You Can Make at Home","diy-halloween-dog-costumes","Rich Text Body","/blog/diy-halloween-dog-costumes/","https://leashfree.ca/dog-breeds/labrador-retriever","missing / none","No source media file matched this tracker row.","No launch-blocking action; review after preview QA."
"duplicate_or_optional","Blog Posts","DIY Dog Halloween Costumes You Can Make at Home","diy-halloween-dog-costumes","Rich Text Body","/blog/diy-halloween-dog-costumes/","https://leashfree.ca/dog-breeds/border-collie","missing / none","No source media file matched this tracker row.","No launch-blocking action; review after preview QA."
"duplicate_or_optional","Blog Posts","DIY Dog Halloween Costumes You Can Make at Home","diy-halloween-dog-costumes","Rich Text Body","/blog/diy-halloween-dog-costumes/","https://cdn.prod.website-files.com/683758b09dd1e3ac2e4e980a/68e196d3b7860f6623f96991_diy-halloween-dog-costumes-examples-2-leashfree-2880x1488.jpg","published / medium","Copied but retained for launch review because confidence is not high or owner review is flagged.","No launch-blocking action; review after preview QA."
"duplicate_or_optional","Blog Posts","DIY Dog Halloween Costumes You Can Make at Home","diy-halloween-dog-costumes","Rich Text Body","/blog/diy-halloween-dog-costumes/","https://leashfree.ca/dog-breeds/miniature-pinscher","missing / none","No source media file matched this tracker row.","No launch-blocking action; review after preview QA."
"duplicate_or_optional","Blog Posts","DIY Dog Halloween Costumes You Can Make at Home","diy-halloween-dog-costumes","Rich Text Body","/blog/diy-halloween-dog-costumes/","https://leashfree.ca/dog-breeds/golden-retriever","missing / none","No source media file matched this tracker row.","No launch-blocking action; review after preview QA."
"duplicate_or_optional","Blog Posts","DIY Dog Halloween Costumes You Can Make at Home","diy-halloween-dog-costumes","Rich Text Body","/blog/diy-halloween-dog-costumes/","https://leashfree.ca/dog-breeds/cocker-spaniel","missing / none","No source media file matched this tracker row.","No launch-blocking action; review after preview QA."
"duplicate_or_optional","Blog Posts","DIY Dog Halloween Costumes You Can Make at Home","diy-halloween-dog-costumes","Rich Text Body","/blog/diy-halloween-dog-costumes/","https://cdn.prod.website-files.com/683758b09dd1e3ac2e4e980a/68e19726bac9120c0c52a90e_diy-halloween-dog-costumes-examples-1-leashfree-2880x1488.jpg","published / medium","Copied but retained for launch review because confidence is not high or owner review is flagged.","No launch-blocking action; review after preview QA."
"duplicate_or_optional","Blog Posts","Dog Age Calculator","dog-age-calculator","Rich Text Body","/blog/dog-age-calculator/","http://www.w3.org/2000/svg","missing / none","No source media file matched this tracker row.","No launch-blocking action; review after preview QA."
"duplicate_or_optional","Blog Posts","Dog Age Calculator","dog-age-calculator","Rich Text Body","/blog/dog-age-calculator/","https://leashfree.ca/dog-breeds","missing / none","No source media file matched this tracker row.","No launch-blocking action; review after preview QA."
"duplicate_or_optional","Blog Posts","Dog Age Calculator","dog-age-calculator","Rich Text Body","/blog/dog-age-calculator/","https://leashfree.ca/dog-breeds/yorkshire-terrier","missing / none","No source media file matched this tracker row.","No launch-blocking action; review after preview QA."
"duplicate_or_optional","Blog Posts","Dog Age Calculator","dog-age-calculator","Rich Text Body","/blog/dog-age-calculator/","https://leashfree.ca/dog-breeds/great-dane","missing / none","No source media file matched this tracker row.","No launch-blocking action; review after preview QA."
"duplicate_or_optional","Blog Posts","Dog Age Calculator","dog-age-calculator","Rich Text Body","/blog/dog-age-calculator/","https://leashfree.ca/dog-breeds/labrador-retriever","missing / none","No source media file matched this tracker row.","No launch-blocking action; review after preview QA."
"duplicate_or_optional","Blog Posts","Dog Age Calculator","dog-age-calculator","Rich Text Body","/blog/dog-age-calculator/","https://leashfree.ca/dog-breeds/german-shepherd","missing / none","No source media file matched this tracker row.","No launch-blocking action; review after preview QA."
"duplicate_or_optional","Blog Posts","Dog Insurance Waiting Periods Explained","dog-insurance-waiting-periods-canada","Rich Text Body","/blog/dog-insurance-waiting-periods-canada/","https://www.canadianveterinarians.net","missing / none","No source media file matched this tracker row.","No launch-blocking action; review after preview QA."
"duplicate_or_optional","Blog Posts","Dog Insurance Waiting Periods Explained","dog-insurance-waiting-periods-canada","Rich Text Body","/blog/dog-insurance-waiting-periods-canada/","https://trupanion.com/canada","missing / none","No source media file matched this tracker row.","No launch-blocking action; review after preview QA."
"duplicate_or_optional","Blog Posts","Dog Insurance Waiting Periods Explained","dog-insurance-waiting-periods-canada","Rich Text Body","/blog/dog-insurance-waiting-periods-canada/","https://www.petsplusus.com","missing / none","No source media file matched this tracker row.","No launch-blocking action; review after preview QA."
"duplicate_or_optional","Blog Posts","Dog Insurance Waiting Periods Explained","dog-insurance-waiting-periods-canada","Rich Text Body","/blog/dog-insurance-waiting-periods-canada/","https://www.fetchpet.com","missing / none","No source media file matched this tracker row.","No launch-blocking action; review after preview QA."
"duplicate_or_optional","Blog Posts","Halloween Safety Tips for Dogs","halloween-dog-safety-tips","Rich Text Body","/blog/halloween-dog-safety-tips/","https://leashfree.ca/blog/dealing-with-separation-anxiety-in-dogs","missing / none","No source media file matched this tracker row.","No launch-blocking action; review after preview QA."
"duplicate_or_optional","Blog Posts","How Cold Is Too Cold for a Dog Walk?","how-cold-is-too-cold-for-a-dog-walk","Rich Text Body","/blog/how-cold-is-too-cold-for-a-dog-walk/","https://leashfree.ca/dog-breeds/siberian-husky","missing / none","No source media file matched this tracker row.","No launch-blocking action; review after preview QA."
"duplicate_or_optional","Blog Posts","How Cold Is Too Cold for a Dog Walk?","how-cold-is-too-cold-for-a-dog-walk","Rich Text Body","/blog/how-cold-is-too-cold-for-a-dog-walk/","https://leashfree.ca/dog-breeds/golden-retriever","missing / none","No source media file matched this tracker row.","No launch-blocking action; review after preview QA."
"duplicate_or_optional","Blog Posts","How Cold Is Too Cold for a Dog Walk?","how-cold-is-too-cold-for-a-dog-walk","Rich Text Body","/blog/how-cold-is-too-cold-for-a-dog-walk/","https://leashfree.ca/dog-breeds/labrador-retriever","missing / none","No source media file matched this tracker row.","No launch-blocking action; review after preview QA."
"duplicate_or_optional","Blog Posts","How Cold Is Too Cold for a Dog Walk?","how-cold-is-too-cold-for-a-dog-walk","Rich Text Body","/blog/how-cold-is-too-cold-for-a-dog-walk/","https://leashfree.ca/dog-breeds/weimaraner","missing / none","No source media file matched this tracker row.","No launch-blocking action; review after preview QA."
"duplicate_or_optional","Blog Posts","How to Choose the Right Dog Park for Your Pup","how-to-choose-the-right-dog-park-for-your-pup","Rich Text Body","/blog/how-to-choose-the-right-dog-park-for-your-pup/","https://leashfree.ca/blog/blog-dog-park-etiquette-canada","missing / none","No source media file matched this tracker row.","No launch-blocking action; review after preview QA."
"duplicate_or_optional","Blog Posts","How to Choose the Right Dog Park for Your Pup","how-to-choose-the-right-dog-park-for-your-pup","Rich Text Body","/blog/how-to-choose-the-right-dog-park-for-your-pup/","https://leashfree.ca/dog-breeds/border-collie","missing / none","No source media file matched this tracker row.","No launch-blocking action; review after preview QA."
"duplicate_or_optional","Blog Posts","How to Choose the Right Dog Park for Your Pup","how-to-choose-the-right-dog-park-for-your-pup","Rich Text Body","/blog/how-to-choose-the-right-dog-park-for-your-pup/","https://leashfree.ca/dog-breeds/labrador-retriever","missing / none","No source media file matched this tracker row.","No launch-blocking action; review after preview QA."
"duplicate_or_optional","Blog Posts","How to Choose the Right Dog Park for Your Pup","how-to-choose-the-right-dog-park-for-your-pup","Rich Text Body","/blog/how-to-choose-the-right-dog-park-for-your-pup/","https://leashfree.ca/dog-breeds/australian-shepherd","missing / none","No source media file matched this tracker row.","No launch-blocking action; review after preview QA."
"duplicate_or_optional","Blog Posts","How to Choose the Right Dog Park for Your Pup","how-to-choose-the-right-dog-park-for-your-pup","Rich Text Body","/blog/how-to-choose-the-right-dog-park-for-your-pup/","https://leashfree.ca/dog-parks","missing / none","No source media file matched this tracker row.","No launch-blocking action; review after preview QA."
"duplicate_or_optional","Blog Posts","Is Dog Insurance Worth It in Canada?","is-dog-insurance-worth-it-canada","Rich Text Body","/blog/is-dog-insurance-worth-it-canada/","https://www.canadianveterinarians.net","missing / none","No source media file matched this tracker row.","No launch-blocking action; review after preview QA."
"duplicate_or_optional","Blog Posts","Is Dog Insurance Worth It in Canada?","is-dog-insurance-worth-it-canada","Rich Text Body","/blog/is-dog-insurance-worth-it-canada/","https://ovc.uoguelph.ca","missing / none","No source media file matched this tracker row.","No launch-blocking action; review after preview QA."
"duplicate_or_optional","Blog Posts","Is Dog Insurance Worth It in Canada?","is-dog-insurance-worth-it-canada","Rich Text Body","/blog/is-dog-insurance-worth-it-canada/","https://trupanion.com/canada","missing / none","No source media file matched this tracker row.","No launch-blocking action; review after preview QA."
"duplicate_or_optional","Blog Posts","Is Dog Insurance Worth It in Canada?","is-dog-insurance-worth-it-canada","Rich Text Body","/blog/is-dog-insurance-worth-it-canada/","https://www.statista.com","missing / none","No source media file matched this tracker row.","No launch-blocking action; review after preview QA."
"duplicate_or_optional","Blog Posts","Is It Ever Too Late to Socialize a Dog?","is-it-ever-too-late-to-socialize-a-dog","Additional Images (Optional)","/blog/is-it-ever-too-late-to-socialize-a-dog/","https://cdn.prod.website-files.com/683758b09dd1e3ac2e4e980a/68ec282e1b26c972092f5812_is-it-ever-too-late-to-socialize-a-dog-hero-leashfree-2880x1488.jpg","missing / none","No source media file matched this tracker row.","No launch-blocking action; review after preview QA."
"duplicate_or_optional","Blog Posts","Low-Shedding Dog Breeds for Allergy Sufferers (Canada Edition)","low-shedding-dog-breeds-for-allergy-sufferers","Rich Text Body","/blog/low-shedding-dog-breeds-for-allergy-sufferers/","https://leashfree.ca/dog-breeds/havanese","missing / none","No source media file matched this tracker row.","No launch-blocking action; review after preview QA."
"duplicate_or_optional","Blog Posts","Low-Shedding Dog Breeds for Allergy Sufferers (Canada Edition)","low-shedding-dog-breeds-for-allergy-sufferers","Rich Text Body","/blog/low-shedding-dog-breeds-for-allergy-sufferers/","https://leashfree.ca/dog-breeds/maltese","missing / none","No source media file matched this tracker row.","No launch-blocking action; review after preview QA."
"duplicate_or_optional","Blog Posts","Low-Shedding Dog Breeds for Allergy Sufferers (Canada Edition)","low-shedding-dog-breeds-for-allergy-sufferers","Rich Text Body","/blog/low-shedding-dog-breeds-for-allergy-sufferers/","https://leashfree.ca/dog-breeds/miniature-schnauzer","missing / none","No source media file matched this tracker row.","No launch-blocking action; review after preview QA."
"duplicate_or_optional","Blog Posts","Low-Shedding Dog Breeds for Allergy Sufferers (Canada Edition)","low-shedding-dog-breeds-for-allergy-sufferers","Rich Text Body","/blog/low-shedding-dog-breeds-for-allergy-sufferers/","https://leashfree.ca/dog-breeds/poodle","missing / none","No source media file matched this tracker row.","No launch-blocking action; review after preview QA."
"duplicate_or_optional","Blog Posts","Low-Shedding Dog Breeds for Allergy Sufferers (Canada Edition)","low-shedding-dog-breeds-for-allergy-sufferers","Rich Text Body","/blog/low-shedding-dog-breeds-for-allergy-sufferers/","https://leashfree.ca/dog-breeds/portuguese-water-dog","missing / none","No source media file matched this tracker row.","No launch-blocking action; review after preview QA."
"duplicate_or_optional","Blog Posts","Low-Shedding Dog Breeds for Allergy Sufferers (Canada Edition)","low-shedding-dog-breeds-for-allergy-sufferers","Rich Text Body","/blog/low-shedding-dog-breeds-for-allergy-sufferers/","https://leashfree.ca/dog-breeds/lagotto-romagnolo","missing / none","No source media file matched this tracker row.","No launch-blocking action; review after preview QA."
"duplicate_or_optional","Blog Posts","Low-Shedding Dog Breeds for Allergy Sufferers (Canada Edition)","low-shedding-dog-breeds-for-allergy-sufferers","Rich Text Body","/blog/low-shedding-dog-breeds-for-allergy-sufferers/","https://leashfree.ca/dog-breeds/standard-schnauzer","missing / none","No source media file matched this tracker row.","No launch-blocking action; review after preview QA."
"duplicate_or_optional","Blog Posts","Low-Shedding Dog Breeds for Allergy Sufferers (Canada Edition)","low-shedding-dog-breeds-for-allergy-sufferers","Rich Text Body","/blog/low-shedding-dog-breeds-for-allergy-sufferers/","https://leashfree.ca/dog-breeds/soft-coated-wheaten-terrier","missing / none","No source media file matched this tracker row.","No launch-blocking action; review after preview QA."
"duplicate_or_optional","Blog Posts","Low-Shedding Dog Breeds for Allergy Sufferers (Canada Edition)","low-shedding-dog-breeds-for-allergy-sufferers","Rich Text Body","/blog/low-shedding-dog-breeds-for-allergy-sufferers/","https://leashfree.ca/dog-breeds/poodle","missing / none","No source media file matched this tracker row.","No launch-blocking action; review after preview QA."
"duplicate_or_optional","Blog Posts","Low-Shedding Dog Breeds for Allergy Sufferers (Canada Edition)","low-shedding-dog-breeds-for-allergy-sufferers","Rich Text Body","/blog/low-shedding-dog-breeds-for-allergy-sufferers/","https://leashfree.ca/dog-breeds/standard-schnauzer","missing / none","No source media file matched this tracker row.","No launch-blocking action; review after preview QA."
"duplicate_or_optional","Blog Posts","Low-Shedding Dog Breeds for Allergy Sufferers (Canada Edition)","low-shedding-dog-breeds-for-allergy-sufferers","Rich Text Body","/blog/low-shedding-dog-breeds-for-allergy-sufferers/","https://leashfree.ca/dog-breeds/airedale-terrier","missing / none","No source media file matched this tracker row.","No launch-blocking action; review after preview QA."
"duplicate_or_optional","Blog Posts","Low-Shedding Dog Breeds for Allergy Sufferers (Canada Edition)","low-shedding-dog-breeds-for-allergy-sufferers","Rich Text Body","/blog/low-shedding-dog-breeds-for-allergy-sufferers/","https://leashfree.ca/dog-breeds/goldendoodle","missing / none","No source media file matched this tracker row.","No launch-blocking action; review after preview QA."
"duplicate_or_optional","Blog Posts","Low-Shedding Dog Breeds for Allergy Sufferers (Canada Edition)","low-shedding-dog-breeds-for-allergy-sufferers","Rich Text Body","/blog/low-shedding-dog-breeds-for-allergy-sufferers/","https://leashfree.ca/dog-breeds/labradoodle","missing / none","No source media file matched this tracker row.","No launch-blocking action; review after preview QA."
"duplicate_or_optional","Blog Posts","Low-Shedding Dog Breeds for Allergy Sufferers (Canada Edition)","low-shedding-dog-breeds-for-allergy-sufferers","Rich Text Body","/blog/low-shedding-dog-breeds-for-allergy-sufferers/","https://leashfree.ca/dog-breeds/bernedoodle","missing / none","No source media file matched this tracker row.","No launch-blocking action; review after preview QA."
"duplicate_or_optional","Blog Posts","Low-Shedding Dog Breeds for Allergy Sufferers (Canada Edition)","low-shedding-dog-breeds-for-allergy-sufferers","Rich Text Body","/blog/low-shedding-dog-breeds-for-allergy-sufferers/","https://Cavapoo","missing / none","No source media file matched this tracker row.","No launch-blocking action; review after preview QA."
"duplicate_or_optional","Blog Posts","Low-Shedding Dog Breeds for Allergy Sufferers (Canada Edition)","low-shedding-dog-breeds-for-allergy-sufferers","Rich Text Body","/blog/low-shedding-dog-breeds-for-allergy-sufferers/","https://leashfree.ca/breed-groups/terrier-dogs","missing / none","No source media file matched this tracker row.","No launch-blocking action; review after preview QA."
"duplicate_or_optional","Blog Posts","Low-Shedding Dog Breeds for Allergy Sufferers (Canada Edition)","low-shedding-dog-breeds-for-allergy-sufferers","Rich Text Body","/blog/low-shedding-dog-breeds-for-allergy-sufferers/","https://leashfree.ca/breed-groups/non-sporting-dogs","missing / none","No source media file matched this tracker row.","No launch-blocking action; review after preview QA."
"duplicate_or_optional","Blog Posts","The 7-7-7 Rule for Puppies","the-7-7-7-rule-for-puppies","Rich Text Body","/blog/the-7-7-7-rule-for-puppies/","https://leashfree.ca/blog-categories/training-behavior","missing / none","No source media file matched this tracker row.","No launch-blocking action; review after preview QA."
"duplicate_or_optional","Blog Posts","Tips for Living with Dogs if You Have Allergies","tips-for-living-with-dogs-if-you-have-allergies","Rich Text Body","/blog/tips-for-living-with-dogs-if-you-have-allergies/","https://leashfree.ca/dog-breeds/poodle","missing / none","No source media file matched this tracker row.","No launch-blocking action; review after preview QA."
"duplicate_or_optional","Blog Posts","Tips for Living with Dogs if You Have Allergies","tips-for-living-with-dogs-if-you-have-allergies","Rich Text Body","/blog/tips-for-living-with-dogs-if-you-have-allergies/","https://leashfree.ca/dog-breeds/bichon-frise","missing / none","No source media file matched this tracker row.","No launch-blocking action; review after preview QA."
"duplicate_or_optional","Blog Posts","Top 10 Off-Leash Dog Parks in Toronto","top-10-off-leash-dog-parks-in-toronto","Rich Text Body","/blog/top-10-off-leash-dog-parks-in-toronto/","https://leashfree.ca/city/toronto","missing / none","No source media file matched this tracker row.","No launch-blocking action; review after preview QA."
"duplicate_or_optional","Blog Posts","Top 10 Off-Leash Dog Parks in Toronto","top-10-off-leash-dog-parks-in-toronto","Rich Text Body","/blog/top-10-off-leash-dog-parks-in-toronto/","https://leashfree.ca/dog-parks/high-park","missing / none","No source media file matched this tracker row.","No launch-blocking action; review after preview QA."
"duplicate_or_optional","Blog Posts","Top 10 Off-Leash Dog Parks in Toronto","top-10-off-leash-dog-parks-in-toronto","Rich Text Body","/blog/top-10-off-leash-dog-parks-in-toronto/","https://leashfree.ca/dog-parks/cherry-beach-clarke-beach-park","missing / none","No source media file matched this tracker row.","No launch-blocking action; review after preview QA."
"duplicate_or_optional","Blog Posts","Top 10 Off-Leash Dog Parks in Toronto","top-10-off-leash-dog-parks-in-toronto","Rich Text Body","/blog/top-10-off-leash-dog-parks-in-toronto/","https://leashfree.ca/dog-parks/trinity-bellwoods-park","missing / none","No source media file matched this tracker row.","No launch-blocking action; review after preview QA."
"duplicate_or_optional","Blog Posts","Top 10 Off-Leash Dog Parks in Toronto","top-10-off-leash-dog-parks-in-toronto","Rich Text Body","/blog/top-10-off-leash-dog-parks-in-toronto/","https://leashfree.ca/dog-parks/sunnybrook-park","missing / none","No source media file matched this tracker row.","No launch-blocking action; review after preview QA."
"duplicate_or_optional","Blog Posts","Top 10 Off-Leash Dog Parks in Toronto","top-10-off-leash-dog-parks-in-toronto","Rich Text Body","/blog/top-10-off-leash-dog-parks-in-toronto/","https://leashfree.ca/dog-parks/sherwood-park","missing / none","No source media file matched this tracker row.","No launch-blocking action; review after preview QA."
"duplicate_or_optional","Blog Posts","Top 10 Off-Leash Dog Parks in Toronto","top-10-off-leash-dog-parks-in-toronto","Rich Text Body","/blog/top-10-off-leash-dog-parks-in-toronto/","https://leashfree.ca/dog-parks/allan-gardens","missing / none","No source media file matched this tracker row.","No launch-blocking action; review after preview QA."
"duplicate_or_optional","Blog Posts","Top 10 Off-Leash Dog Parks in Toronto","top-10-off-leash-dog-parks-in-toronto","Rich Text Body","/blog/top-10-off-leash-dog-parks-in-toronto/","https://leashfree.ca/dog-parks/cedarvale-park","missing / none","No source media file matched this tracker row.","No launch-blocking action; review after preview QA."
"duplicate_or_optional","Blog Posts","Top 10 Off-Leash Dog Parks in Toronto","top-10-off-leash-dog-parks-in-toronto","Rich Text Body","/blog/top-10-off-leash-dog-parks-in-toronto/","https://leashfree.ca/dog-parks/riverdale-off-leash-area","missing / none","No source media file matched this tracker row.","No launch-blocking action; review after preview QA."
"duplicate_or_optional","Blog Posts","Top 10 Off-Leash Dog Parks in Toronto","top-10-off-leash-dog-parks-in-toronto","Rich Text Body","/blog/top-10-off-leash-dog-parks-in-toronto/","https://leashfree.ca/dog-parks/bickford-park","missing / none","No source media file matched this tracker row.","No launch-blocking action; review after preview QA."
"duplicate_or_optional","Blog Posts","Top 10 Off-Leash Dog Parks in Toronto","top-10-off-leash-dog-parks-in-toronto","Rich Text Body","/blog/top-10-off-leash-dog-parks-in-toronto/","https://leashfree.ca/city/toronto","missing / none","No source media file matched this tracker row.","No launch-blocking action; review after preview QA."
"duplicate_or_optional","Blog Posts","Top 10 Off-Leash Dog Parks in Toronto","top-10-off-leash-dog-parks-in-toronto","Rich Text Body","/blog/top-10-off-leash-dog-parks-in-toronto/","https://leashfree.ca/city/toronto","missing / none","No source media file matched this tracker row.","No launch-blocking action; review after preview QA."
"duplicate_or_optional","Blog Posts","Top 15 Halloween Dog Costume Ideas for 2025","halloween-dog-costume-ideas-2025","Rich Text Body","/blog/halloween-dog-costume-ideas-2025/","https://leashfree.ca/dog-breeds/labrador-retriever","missing / none","No source media file matched this tracker row.","No launch-blocking action; review after preview QA."
"duplicate_or_optional","Blog Posts","Top 15 Halloween Dog Costume Ideas for 2025","halloween-dog-costume-ideas-2025","Rich Text Body","/blog/halloween-dog-costume-ideas-2025/","https://leashfree.ca/dog-breeds/beagle","missing / none","No source media file matched this tracker row.","No launch-blocking action; review after preview QA."
"duplicate_or_optional","Blog Posts","Top 15 Halloween Dog Costume Ideas for 2025","halloween-dog-costume-ideas-2025","Rich Text Body","/blog/halloween-dog-costume-ideas-2025/","https://leashfree.ca/search?query=Welsh+Corgi","missing / none","No source media file matched this tracker row.","No launch-blocking action; review after preview QA."
"duplicate_or_optional","Blog Posts","Top 15 Halloween Dog Costume Ideas for 2025","halloween-dog-costume-ideas-2025","Rich Text Body","/blog/halloween-dog-costume-ideas-2025/","https://leashfree.ca/dog-breeds/dachshund","missing / none","No source media file matched this tracker row.","No launch-blocking action; review after preview QA."
"duplicate_or_optional","Blog Posts","Top 15 Halloween Dog Costume Ideas for 2025","halloween-dog-costume-ideas-2025","Rich Text Body","/blog/halloween-dog-costume-ideas-2025/","https://cdn.prod.website-files.com/683758b09dd1e3ac2e4e980a/68e18fb90798b9f0ec419a1d_halloween-ghost-wizard-dragon-dog-costumes-leashfree-2880x1488.jpg","missing / none","No source media file matched this tracker row.","No launch-blocking action; review after preview QA."
"duplicate_or_optional","Blog Posts","Top 15 Halloween Dog Costume Ideas for 2025","halloween-dog-costume-ideas-2025","Rich Text Body","/blog/halloween-dog-costume-ideas-2025/","https://leashfree.ca/dog-breeds/boxer","missing / none","No source media file matched this tracker row.","No launch-blocking action; review after preview QA."
"duplicate_or_optional","Blog Posts","Top 15 Halloween Dog Costume Ideas for 2025","halloween-dog-costume-ideas-2025","Rich Text Body","/blog/halloween-dog-costume-ideas-2025/","https://leashfree.ca/dog-breeds/australian-shepherd","missing / none","No source media file matched this tracker row.","No launch-blocking action; review after preview QA."
"duplicate_or_optional","Blog Posts","Top 15 Halloween Dog Costume Ideas for 2025","halloween-dog-costume-ideas-2025","Rich Text Body","/blog/halloween-dog-costume-ideas-2025/","https://leashfree.ca/dog-breeds/cavalier-king-charles-spaniel","missing / none","No source media file matched this tracker row.","No launch-blocking action; review after preview QA."
"duplicate_or_optional","Blog Posts","Top 15 Halloween Dog Costume Ideas for 2025","halloween-dog-costume-ideas-2025","Rich Text Body","/blog/halloween-dog-costume-ideas-2025/","https://cdn.prod.website-files.com/683758b09dd1e3ac2e4e980a/68e190d122937d9bede4fa0d_halloween-vampire-skeleton-duo-dog-costumes-leashfree-2880x1488.jpg","missing / none","No source media file matched this tracker row.","No launch-blocking action; review after preview QA."
"duplicate_or_optional","Blog Posts","Top 15 Halloween Dog Costume Ideas for 2025","halloween-dog-costume-ideas-2025","Rich Text Body","/blog/halloween-dog-costume-ideas-2025/","https://leashfree.ca/dog-breeds/french-bulldog","missing / none","No source media file matched this tracker row.","No launch-blocking action; review after preview QA."
"duplicate_or_optional","Blog Posts","Top 15 Halloween Dog Costume Ideas for 2025","halloween-dog-costume-ideas-2025","Rich Text Body","/blog/halloween-dog-costume-ideas-2025/","https://leashfree.ca/dog-breeds/puggle","missing / none","No source media file matched this tracker row.","No launch-blocking action; review after preview QA."
"duplicate_or_optional","Blog Posts","Top 15 Halloween Dog Costume Ideas for 2025","halloween-dog-costume-ideas-2025","Rich Text Body","/blog/halloween-dog-costume-ideas-2025/","https://cdn.prod.website-files.com/683758b09dd1e3ac2e4e980a/68e191ca715f79d3ce7d7f27_halloween-gentleman-movie-owner-dog-costumes-leashfree-2880x1488.jpg","missing / none","No source media file matched this tracker row.","No launch-blocking action; review after preview QA."
"duplicate_or_optional","Blog Posts","Top 15 Halloween Dog Costume Ideas for 2025","halloween-dog-costume-ideas-2025","Rich Text Body","/blog/halloween-dog-costume-ideas-2025/","https://leashfree.ca/dog-breeds/goldendoodle","missing / none","No source media file matched this tracker row.","No launch-blocking action; review after preview QA."
"duplicate_or_optional","Blog Posts","Top 15 Halloween Dog Costume Ideas for 2025","halloween-dog-costume-ideas-2025","Rich Text Body","/blog/halloween-dog-costume-ideas-2025/","https://leashfree.ca/dog-breeds/shih-tzu","missing / none","No source media file matched this tracker row.","No launch-blocking action; review after preview QA."
"duplicate_or_optional","Blog Posts","Top 15 Halloween Dog Costume Ideas for 2025","halloween-dog-costume-ideas-2025","Rich Text Body","/blog/halloween-dog-costume-ideas-2025/","https://leashfree.ca/dog-breeds/miniature-pinscher","missing / none","No source media file matched this tracker row.","No launch-blocking action; review after preview QA."
"duplicate_or_optional","Blog Posts","Top 15 Halloween Dog Costume Ideas for 2025","halloween-dog-costume-ideas-2025","Rich Text Body","/blog/halloween-dog-costume-ideas-2025/","https://leashfree.ca/dog-parks","missing / none","No source media file matched this tracker row.","No launch-blocking action; review after preview QA."
"duplicate_or_optional","Blog Posts","Trending Dog Names for 2025","trending-dog-names-2025","Rich Text Body","/blog/trending-dog-names-2025/","https://cdn.prod.website-files.com/68372338721aeb8fdc075798/68b7026d6757555826cb5529_top-1000-dog-names-2025-leashfree%20(2","published / medium","Copied but retained for launch review because confidence is not high or owner review is flagged.","No launch-blocking action; review after preview QA."
"duplicate_or_optional","Blog Posts","Trending Dog Names for 2025","trending-dog-names-2025","Rich Text Body","/blog/trending-dog-names-2025/","https://www.akc.org/press-releases/move-max-american-kennel-club-reveals-popular-dog-names-2024/?utm_source=chatgpt.com","missing / none","No source media file matched this tracker row.","No launch-blocking action; review after preview QA."
"duplicate_or_optional","Blog Posts","Trending Dog Names for 2025","trending-dog-names-2025","Rich Text Body","/blog/trending-dog-names-2025/","https://www.prnewswire.com/news-releases/rover-releases-most-popular-pet-names-and-trends-of-2024-302320814.html?utm_source=chatgpt.com","missing / none","No source media file matched this tracker row.","No launch-blocking action; review after preview QA."
"duplicate_or_optional","Blog Posts","Trending Dog Names for 2025","trending-dog-names-2025","Rich Text Body","/blog/trending-dog-names-2025/","https://www.prnewswire.com/news-releases/rover-releases-most-popular-pet-names-and-trends-of-2024-302320814.html?utm_source=chatgpt.com","missing / none","No source media file matched this tracker row.","No launch-blocking action; review after preview QA."
"duplicate_or_optional","Blog Posts","Trending Dog Names for 2025","trending-dog-names-2025","Rich Text Body","/blog/trending-dog-names-2025/","https://www.thesun.ie/fabulous/14941544/ireland-puppy-names-dog-pets-animals-owners/?utm_source=chatgpt.com","missing / none","No source media file matched this tracker row.","No launch-blocking action; review after preview QA."
"duplicate_or_optional","Blog Posts","Winter Dog Care Tips","winter-dog-care-tips-canada","Rich Text Body","/blog/winter-dog-care-tips-canada/","https://leashfree.ca/dog-breeds/beagle","missing / none","No source media file matched this tracker row.","No launch-blocking action; review after preview QA."
"duplicate_or_optional","Blog Posts","Winter Dog Care Tips","winter-dog-care-tips-canada","Rich Text Body","/blog/winter-dog-care-tips-canada/","https://leashfree.ca/dog-breeds/boxer","missing / none","No source media file matched this tracker row.","No launch-blocking action; review after preview QA."
"duplicate_or_optional","Blog Posts","Winter Dog Care Tips","winter-dog-care-tips-canada","Rich Text Body","/blog/winter-dog-care-tips-canada/","https://leashfree.ca/dog-parks","missing / none","No source media file matched this tracker row.","No launch-blocking action; review after preview QA."
"duplicate_or_optional","Blog Posts","Winter Dog Care Tips","winter-dog-care-tips-canada","Rich Text Body","/blog/winter-dog-care-tips-canada/","https://leashfree.ca/dog-parks","missing / none","No source media file matched this tracker row.","No launch-blocking action; review after preview QA."
"likely_unused","Dog Breeds","French Bulldog","french-bulldog","Grooming","/dog-breeds/french-bulldog/","https://youtu.be/ZgkxfhtYPD8?si=8xbnB7cli8xRRp60","missing / none","No source media file matched this tracker row.","No launch-blocking action; review after preview QA."
"likely_unused","Dog Breeds","French Bulldog","french-bulldog","Grooming","/dog-breeds/french-bulldog/","https://www.youtube.com/embed/ZgkxfhtYPD8","missing / none","No source media file matched this tracker row.","No launch-blocking action; review after preview QA."
"likely_unused","Dog Breeds","German Shepherd","german-shepherd","Grooming","/dog-breeds/german-shepherd/","https://youtu.be/qSrTVfu7OLw?si=6zgIZmECNtmZKf-X","missing / none","No source media file matched this tracker row.","No launch-blocking action; review after preview QA."
"likely_unused","Dog Breeds","German Shepherd","german-shepherd","Grooming","/dog-breeds/german-shepherd/","https://www.youtube.com/embed/qSrTVfu7OLw","missing / none","No source media file matched this tracker row.","No launch-blocking action; review after preview QA."
"likely_unused","Dog Breeds","Golden Retriever","golden-retriever","Grooming","/dog-breeds/golden-retriever/","https://youtu.be/nlXNhHkGgWA?si=4WJ6tOgCI5hVW-ZR","missing / none","No source media file matched this tracker row.","No launch-blocking action; review after preview QA."
"likely_unused","Dog Breeds","Golden Retriever","golden-retriever","Grooming","/dog-breeds/golden-retriever/","https://www.youtube.com/embed/nlXNhHkGgWA","missing / none","No source media file matched this tracker row.","No launch-blocking action; review after preview QA."
"likely_unused","Dog Breeds","Labrador Retriever","labrador-retriever","Grooming","/dog-breeds/labrador-retriever/","https://youtu.be/8q4RZHA-y64?si=uhvYAxtBf-dZXhmI","missing / none","No source media file matched this tracker row.","No launch-blocking action; review after preview QA."
"likely_unused","Dog Breeds","Labrador Retriever","labrador-retriever","Grooming","/dog-breeds/labrador-retriever/","https://www.youtube.com/embed/8q4RZHA-y64","missing / none","No source media file matched this tracker row.","No launch-blocking action; review after preview QA."
"likely_unused","Dog Breeds","Shiba Inu","shiba-inu","Grooming","/dog-breeds/shiba-inu/","https://youtu.be/4ovpNNYN0Y4?si=8oFU-ABhrU2YRByS","missing / none","No source media file matched this tracker row.","No launch-blocking action; review after preview QA."
"likely_unused","Dog Breeds","Shiba Inu","shiba-inu","Grooming","/dog-breeds/shiba-inu/","https://www.youtube.com/embed/4ovpNNYN0Y4","missing / none","No source media file matched this tracker row.","No launch-blocking action; review after preview QA."
