Group Name,Slug,Collection ID,Locale ID,Item ID,Archived,Draft,Created On,Updated On,Published On,H2 Subheading,Summary (Intro Copy),Hero Image,Meta Title,Meta Description,FAQ (Group)
Herding,herding-dogs,68ea7925e7187cdd719733f1,683758b09dd1e3ac2e4e9809,68ea7c5ff4c98e01d9c698bd,false,false,Sat Oct 11 2025 15:48:47 GMT+0000 (Coordinated Universal Time),Sat Oct 11 2025 16:05:54 GMT+0000 (Coordinated Universal Time),Sat Oct 11 2025 16:15:39 GMT+0000 (Coordinated Universal Time),Brilliant workers with big energy—best for engaged Canadian owners,"<p id="""">Herding dogs such as the Border Collie, Australian Shepherd, and German Shepherd are highly intelligent, responsive, and task-driven. They excel with consistent training, mental enrichment, and off‑leash recall practice. Canadian owners should plan for structured activity year‑round, including winter-safe exercise options.</p>",https://cdn.prod.website-files.com/683758b09dd1e3ac2e4e980a/68ea805a8c6ea768a6bb0153_herding-dogs-hero.jpg,"Herding Dogs in Canada – Smart, High‑Energy Breeds to Train | LeashFree.ca","Considering a Herding breed? Learn about intelligence, energy, shedding and training needs for Canadian homes and seasons.","<h3 id="""">Do Herding dogs need a job?</h3><p id="""">They thrive on purposeful activity - training games, scent work, or agility are excellent options.</p><h3 id="""">Are Herding breeds good with kids?</h3><p id="""">Often yes, but supervise and redirect herding instincts like nipping or chasing.</p><h3 id="""">How much training is required?</h3><p id="""">Daily training and enrichment are ideal to channel their intelligence and energy.</p>"
Hound,hound-dogs,68ea7925e7187cdd719733f1,683758b09dd1e3ac2e4e9809,68ea7c5fbdf5f928604d2575,false,false,Sat Oct 11 2025 15:48:47 GMT+0000 (Coordinated Universal Time),Sat Oct 11 2025 16:07:28 GMT+0000 (Coordinated Universal Time),Sat Oct 11 2025 16:15:39 GMT+0000 (Coordinated Universal Time),Scent and sight specialists with independent streaks—great for explorers,"<p id="""">Hounds include scent trackers like the Beagle and scent-sensitive coonhounds, plus swift sighthounds like the Greyhound. They’re independent, often soft‑natured, and benefit from secure off‑leash spaces. In Canada, plan for weather‑appropriate gear, recall training, and regular scent or sprint games to satisfy instincts.</p>",https://cdn.prod.website-files.com/683758b09dd1e3ac2e4e980a/68ea80b905bab847b3f39b46_hound-dogs-hero.jpg,"Hound Dogs: Temperament, Exercise & Care in Canada | LeashFree.ca",Explore Hound breeds - scent and sight hounds with unique exercise and training needs for Canadian families and adventurers.,"<h3 id="""">Are Hounds hard to train?</h3><p id="""">They’re intelligent but independent - use positive reinforcement and high‑value rewards.</p><h3 id="""">Do Hounds need fenced yards?</h3><p id="""">Highly recommended; strong instincts may lead them to follow scents or movement.</p><h3 id="""">Are sighthounds good apartment dogs?</h3><p id="""">Surprisingly often yes - short bursts of exercise with plenty of lounging indoors.</p>"
Hybrid,hybrid-designer-mixes,68ea7925e7187cdd719733f1,683758b09dd1e3ac2e4e9809,68ea7c5fbdf5f928604d259d,false,false,Sat Oct 11 2025 15:48:47 GMT+0000 (Coordinated Universal Time),Sat Oct 11 2025 16:15:30 GMT+0000 (Coordinated Universal Time),Sat Oct 11 2025 16:15:39 GMT+0000 (Coordinated Universal Time),Popular designer and Doodle mixes—family‑friendly with varied coats,"<p id="""">Hybrid and designer mixes - like Goldendoodles, Bernedoodles, and Cavapoos - blend traits from two breeds. Coats and shedding vary by genetics, so grooming cadence and expectations matter. This guide helps Canadian families compare temperament, training needs, and coat maintenance to choose the right mix.</p>",https://cdn.prod.website-files.com/683758b09dd1e3ac2e4e980a/68ea829e6c4eb4df18766139_hybrid-designer-mixes-hero.jpg,"Designer & Doodle Mixes in Canada – Temperament, Grooming & Family Fit | LeashFree.ca","See Canada’s popular hybrid and Doodle mixes. Compare temperament, coat care, shedding and trainability for family life.","<h3 id="""">Are Doodles hypoallergenic?</h3><p id="""">Not guaranteed - shedding varies by coat type and lineage; meet the specific dog if allergies are a concern.</p><h3 id="""">Are hybrids easier to train?</h3><p id="""">It depends on the parent breeds and the individual dog - temperament can vary.</p><h3 id="""">How often do Doodle coats need grooming?</h3><p id="""">Typically every 4–8 weeks plus at‑home brushing several times per week.</p>"
Miscellaneous,miscellaneous,68ea7925e7187cdd719733f1,683758b09dd1e3ac2e4e9809,68ea8d5aa1787015e51f4586,false,false,Sat Oct 11 2025 17:01:14 GMT+0000 (Coordinated Universal Time),Sat Oct 11 2025 17:02:56 GMT+0000 (Coordinated Universal Time),Sat Oct 11 2025 19:33:29 GMT+0000 (Coordinated Universal Time),Rare and emerging dog breeds gaining recognition in Canada,"<p>The Miscellaneous Group features unique and developing dog breeds that are not yet fully recognized by major kennel clubs. In Canada, these emerging breeds are gaining attention for their distinctive traits, purpose, and temperament. From the Barbet to the Danish–Swedish Farmdog, these breeds represent the future of canine diversity. This guide highlights their characteristics, origins, and what makes them stand out among Canadian dog lovers.</p>",https://cdn.prod.website-files.com/683758b09dd1e3ac2e4e980a/68ea8dbc881151ae3af56e67_miscellaneous-dogs-hero.jpg,Miscellaneous Dog Breeds in Canada – Rare & Emerging Breeds,"Explore rare and developing dog breeds in Canada. Learn about their origins, traits, and why they’re part of the CKC Miscellaneous Class.","<div data-rt-embed-type='true'><h3>What is a Miscellaneous breed?</h3><p>A Miscellaneous breed is one recognized for competition and registration but awaiting full CKC or AKC group status.</p><h3>Are Miscellaneous dogs rare?</h3><p>Yes, many are uncommon in Canada but growing in popularity as awareness increases.</p><h3>Can I adopt a Miscellaneous breed in Canada?</h3><p>Yes—specialized breeders and CKC clubs occasionally offer them; always confirm ethical standards and health testing.</p></div>"
Non-Sporting,non-sporting-dogs,68ea7925e7187cdd719733f1,683758b09dd1e3ac2e4e9809,68ea7c5f7ddfb392766b64cf,false,false,Sat Oct 11 2025 15:48:47 GMT+0000 (Coordinated Universal Time),Sat Oct 11 2025 16:13:42 GMT+0000 (Coordinated Universal Time),Sat Oct 11 2025 16:15:39 GMT+0000 (Coordinated Universal Time),"A diverse group—unique coats, sizes and personalities for Canadian homes","<p id="""">The Non‑Sporting group spans many sizes and coat types - from dignified Chow Chows to clownish Bulldogs and poised Poodles. Care needs vary widely; research coat maintenance, activity levels, and health considerations to match your Canadian household.</p>",https://cdn.prod.website-files.com/683758b09dd1e3ac2e4e980a/68ea822f881151ae3af40785_non-sporting-dogs-hero.jpg,"Non‑Sporting Dog Breeds in Canada – Temperament, Size & Care | LeashFree.ca","Explore Non‑Sporting breeds with varied coats and personalities. Compare temperament, grooming and activity needs for Canadian lifestyles.","<h3 id="""">Why is the Non‑Sporting group so varied?</h3><p id="""">It collects distinct breeds that don’t fit other working or sporting roles.</p><h3 id="""">Are Non‑Sporting breeds beginner‑friendly?</h3><p id="""">Some are - evaluate energy, grooming, and training needs by breed.</p><h3 id="""">What about shedding and allergies?</h3><p id="""">Shedding differs - prioritize regular grooming and cleaning regardless of coat type.</p>"
Sporting,sporting-dogs,68ea7925e7187cdd719733f1,683758b09dd1e3ac2e4e9809,68ea7c5fd56934262d131569,false,false,Sat Oct 11 2025 15:48:47 GMT+0000 (Coordinated Universal Time),Sat Oct 11 2025 15:57:39 GMT+0000 (Coordinated Universal Time),Sat Oct 11 2025 16:15:39 GMT+0000 (Coordinated Universal Time),"Active, trainable companions built for outdoor adventures in Canada","<p id="""">Sporting dogs were bred to assist hunters in the field - Retrievers, Setters, and Spaniels excel in stamina, biddability, and water-loving work. In Canada, their cold-weather tolerance and enthusiasm for trails, swimming, and fetch make them ideal for active owners. This guide compares temperament, exercise needs, shedding, and health so you can choose confidently.</p>",https://cdn.prod.website-files.com/683758b09dd1e3ac2e4e980a/68ea7e6edbfd8869bef05200_sporting-dogs-hero.jpg,"Sporting Dogs: Traits, Care & Top Breeds in Canada | LeashFree.ca","Explore Sporting dog breeds for Canadian families. Compare temperament, exercise, shedding and health to pick the right active companion.","<h3 id="""">Are Sporting dogs good for active families?</h3><p id="""">Yes. With daily exercise and training, they’re excellent companions for Canadian outdoor lifestyles.</p><h3 id="""">Do Sporting breeds shed a lot?</h3><p id="""">Many do, especially seasonally. Regular brushing reduces loose hair and maintains coat health.</p><h3 id="""">Which Sporting dogs are most beginner-friendly?</h3><p id="""">Retrievers (Golden, Labrador) are generally friendly, trainable, and adaptable for first-time owners.</p>"
Terrier,terrier-dogs,68ea7925e7187cdd719733f1,683758b09dd1e3ac2e4e9809,68ea7c5f4b5b7ead0421e0e2,false,false,Sat Oct 11 2025 15:48:47 GMT+0000 (Coordinated Universal Time),Sat Oct 11 2025 16:08:55 GMT+0000 (Coordinated Universal Time),Sat Oct 11 2025 16:15:39 GMT+0000 (Coordinated Universal Time),"Feisty, clever companions with big personalities and bold energy","<p id="""">Terriers—from the spirited Jack Russell to the determined Airedale - are bold, clever, and game for adventure. They require consistent training, enrichment, and clear boundaries. Canadian families should plan for weather‑smart outings and regular grooming for wire‑coated varieties.</p>",https://cdn.prod.website-files.com/683758b09dd1e3ac2e4e980a/68ea811098963664b99eaf98_terrier-dogs-hero.jpg,"Terrier Dogs: Grooming, Training & Energy Needs in Canada | LeashFree.ca","Compare Terrier breeds by temperament, grooming and exercise. Learn which Terriers fit Canadian homes and active lifestyles.","<h3 id="""">Are Terriers good with other pets?</h3><p id="""">Socialization is key - prey drive varies by breed and individual.</p><h3 id="""">Do Terriers bark a lot?</h3><p id="""">Many are vocal. Training and adequate exercise help reduce nuisance barking.</p><h3 id="""">Which Terriers are low‑shedding?</h3><p id="""">Wire‑coated breeds often shed less but need hand‑stripping or regular grooming.</p>"
Toy,toy-dogs,68ea7925e7187cdd719733f1,683758b09dd1e3ac2e4e9809,68ea7c5f362a9eedddcd2fdd,false,false,Sat Oct 11 2025 15:48:47 GMT+0000 (Coordinated Universal Time),Sat Oct 11 2025 16:11:25 GMT+0000 (Coordinated Universal Time),Sat Oct 11 2025 16:15:39 GMT+0000 (Coordinated Universal Time),"Small in size, big in personality—great for condos and city life","<p id="""">Toy breeds like the Pomeranian, Chihuahua, and Cavalier King Charles Spaniel offer companionship in compact packages. They’re well‑suited to apartments and urban lifestyles but still need daily walks and mental enrichment. Grooming varies widely; coat care and dental routines are especially important.</p>",https://cdn.prod.website-files.com/683758b09dd1e3ac2e4e980a/68ea81a840696984c0c7da90_toy-dogs-hero.jpg,"Toy Dog Breeds for Canada: Temperament, Shedding & Care | LeashFree.ca","Discover Toy breeds suited to Canadian condos and city living. Compare temperament, grooming and daily exercise needs.","<h3 id="""">Are Toy breeds good apartment dogs?</h3><p id="""">Yes - many thrive in condos with daily exercise and enrichment.</p><h3 id="""">Do Toy dogs need much exercise?</h3><p id="""">Short daily walks and playtime are essential for health and behavior.</p><h3 id="""">Which Toy breeds are low‑shedding?</h3><p id="""">Options vary - focus on coat type and grooming rather than promises of zero shedding.</p>"
Working,working-dogs,68ea7925e7187cdd719733f1,683758b09dd1e3ac2e4e9809,68ea7c5f6b020fb9d4bb054d,false,false,Sat Oct 11 2025 15:48:47 GMT+0000 (Coordinated Universal Time),Sat Oct 11 2025 16:02:50 GMT+0000 (Coordinated Universal Time),Sat Oct 11 2025 16:15:39 GMT+0000 (Coordinated Universal Time),"Strong, reliable guardians and workers suited to Canada’s climates","<p id="""">Working breeds like the Bernese Mountain Dog, Rottweiler, and Siberian Husky were developed for hauling, guarding, and endurance in tough conditions. In Canada, many Working dogs thrive in cooler climates, but they still need structured training and ample exercise. Compare energy, grooming, and temperament to find the right fit for your lifestyle.</p>",https://cdn.prod.website-files.com/683758b09dd1e3ac2e4e980a/68ea7fa20fc9cbc7fab18a65_working-dogs-hero.jpg,"Working Dogs in Canada – Guardians, Energy & Care | LeashFree.ca","Discover Working dogs built for strength and resilience. Learn about temperament, exercise and cold-weather suitability for Canadian homes.","<h3 id="""">Are Working dogs good family pets?</h3><p id="""">They can be, with experienced owners who provide training, structure, and daily activity.</p><h3 id="""">Do Working breeds tolerate cold weather?</h3><p id="""">Many do, especially northern and mountain breeds, but always follow safe winter guidelines.</p><h3 id="""">How much exercise do Working dogs need?</h3><p id="""">Plan for 60–120 minutes daily plus mental stimulation.</p>"
